,date,article,neg,neu,pos,compound
0,2012-01-31,air_marshal,0.19089704565801321,0.7648460161145959,0.044254252461951644,-0.3376269471799448
1,2012-02-29,air_marshal,0.07799264029438831,0.8748932842686303,0.04711223551057958,-0.0690434222631094
2,2012-03-31,air_marshal,0.036184991273996533,0.8896300174520072,0.07417975567190228,0.08430872600349043
3,2012-04-30,air_marshal,0.04148327759197324,0.8478979933110364,0.11060702341137124,0.13545301003344476
4,2012-05-31,air_marshal,0.019064908722109534,0.9345172413793106,0.04640567951318461,0.052239553752535486
5,2012-06-30,air_marshal,0.02530976863753213,0.9033264781491002,0.07136375321336758,0.08794267352185084
6,2012-07-31,air_marshal,0.0361648351648352,0.9024295704295695,0.06141158841158843,0.044576923076923056
7,2012-08-31,air_marshal,0.04640441882804998,0.8765283381364065,0.07706532180595575,0.04785513928914502
8,2012-09-30,air_marshal,0.04315229563269886,0.8345341545352749,0.12232138857782748,0.0790901455767074
9,2012-10-31,air_marshal,0.029243004418262164,0.8973372606774672,0.07341531664212078,0.08114300441826212
10,2012-11-30,air_marshal,0.0382870514820593,0.8553057722308884,0.10640405616224646,0.09546287051482043
11,2012-12-31,air_marshal,0.03942805100182153,0.8705519125683059,0.09001912568306004,0.09658041894353372
12,2013-01-31,air_marshal,0.054266203703703636,0.8727569444444443,0.07298070987654323,0.006086111111111114
13,2013-02-28,air_marshal,0.05968801089918252,0.8286771117166202,0.11164441416893732,0.07626117166212526
14,2013-03-31,air_marshal,0.04420312500000001,0.8619406250000005,0.0938453125,0.07549749999999998
15,2013-04-30,air_marshal,0.04809689213893965,0.8452029250457033,0.1066965265082267,0.0860053016453381
16,2013-05-31,air_marshal,0.06657801899592942,0.839435549525103,0.09399864314789694,0.03230027137042064
17,2013-06-30,air_marshal,0.06866066066066069,0.8226951951951952,0.10863063063063062,0.06946771771771752
18,2013-07-31,air_marshal,0.03282475355969331,0.8908751369112817,0.07630230010952896,0.07912464403066807
19,2013-08-31,air_marshal,0.05901675041876044,0.7900552763819098,0.15093969849246236,0.12219916247906193
20,2013-09-30,air_marshal,0.05458473282442748,0.8393679389312976,0.10605038167938921,0.06785877862595414
21,2013-10-31,air_marshal,0.14558280739934762,0.8270981501632362,0.027315778019586477,-0.2526176278563713
22,2013-11-30,air_marshal,0.04903556485355649,0.8643410041841008,0.08662133891213389,0.04147928870292889
23,2013-12-31,air_marshal,0.04963663220088628,0.8509276218611525,0.0994283604135894,0.08011225997045783
24,2014-01-31,air_marshal,0.04513520749665332,0.8618621151271773,0.09299866131191434,0.07377188755020071
25,2014-02-28,air_marshal,0.03284710017574693,0.8860140597539564,0.08113532513181021,0.08823277680140612
26,2014-03-31,air_marshal,0.044044776119403,0.8890706991358988,0.06689159465828753,0.04492670856245086
27,2014-04-30,air_marshal,0.12852558635394432,0.7721647121535191,0.09922921108742053,-0.04797745202558713
28,2014-05-31,air_marshal,0.08948612440191375,0.7951502392344528,0.11534641148325378,0.04336277511961683
29,2014-06-30,air_marshal,0.08294014732965058,0.8135147329650058,0.1036731123388584,0.016625598526703173
30,2014-07-31,air_marshal,0.045989096573208696,0.8828925233644854,0.07112772585669783,0.04107912772585676
31,2014-08-31,air_marshal,0.03755113636363639,0.9086840909090924,0.053763636363636354,0.015356590909090903
32,2014-09-30,air_marshal,0.21436319511856913,0.7703612536402754,0.015287200110941543,-0.45171202329773563
33,2014-10-31,air_marshal,0.13123140495867752,0.7550137741046801,0.11375895316804387,-0.08205743801652893
34,2014-11-30,air_marshal,0.09763837638376383,0.7854492619926211,0.11689206642066428,0.05509326568265693
35,2014-12-31,air_marshal,0.034953358208955246,0.9212994402985072,0.043752798507462685,-0.004061100746268629
0,2012-01-31,alcohol_and_tobacco_tax_and_trade_bureau,0.0,0.868,0.132,0.4404
1,2012-02-29,alcohol_and_tobacco_tax_and_trade_bureau,,,,
2,2012-03-31,alcohol_and_tobacco_tax_and_trade_bureau,0.0,0.9776666666666666,0.022333333333333334,0.07945
3,2012-04-30,alcohol_and_tobacco_tax_and_trade_bureau,0.0,0.9422,0.0578,0.1165
4,2012-05-31,alcohol_and_tobacco_tax_and_trade_bureau,0.0,0.975,0.024999999999999998,0.06676666666666667
5,2012-06-30,alcohol_and_tobacco_tax_and_trade_bureau,0.0,0.9158333333333335,0.08416666666666667,0.21196111111111113
6,2012-07-31,alcohol_and_tobacco_tax_and_trade_bureau,0.0,0.9523333333333334,0.04766666666666667,0.11973333333333334
7,2012-08-31,alcohol_and_tobacco_tax_and_trade_bureau,0.0,0.9176,0.0824,0.22139999999999999
8,2012-09-30,alcohol_and_tobacco_tax_and_trade_bureau,0.0,0.9496666666666668,0.050333333333333334,0.17516666666666666
9,2012-10-31,alcohol_and_tobacco_tax_and_trade_bureau,0.02475,0.8255,0.14975,0.350275
10,2012-11-30,alcohol_and_tobacco_tax_and_trade_bureau,0.0,0.8500000000000001,0.15,0.36815
11,2012-12-31,alcohol_and_tobacco_tax_and_trade_bureau,0.048666666666666664,0.8602777777777778,0.09105555555555556,0.15090555555555554
12,2013-01-31,alcohol_and_tobacco_tax_and_trade_bureau,0.0,1.0,0.0,0.0
13,2013-02-28,alcohol_and_tobacco_tax_and_trade_bureau,0.0,0.9365714285714286,0.06342857142857143,0.17275714285714286
14,2013-03-31,alcohol_and_tobacco_tax_and_trade_bureau,0.0,0.943888888888889,0.05611111111111111,0.14686666666666667
15,2013-04-30,alcohol_and_tobacco_tax_and_trade_bureau,0.02825,0.9088749999999999,0.062875,0.087
16,2013-05-31,alcohol_and_tobacco_tax_and_trade_bureau,0.0,0.9299999999999999,0.07,0.23835
17,2013-06-30,alcohol_and_tobacco_tax_and_trade_bureau,0.0,0.957,0.043,0.0934625
18,2013-07-31,alcohol_and_tobacco_tax_and_trade_bureau,0.0,0.931153846153846,0.06884615384615385,0.14629999999999999
19,2013-08-31,alcohol_and_tobacco_tax_and_trade_bureau,0.0,0.9742352941176471,0.025764705882352943,0.07608235294117648
20,2013-09-30,alcohol_and_tobacco_tax_and_trade_bureau,0.0,0.8795,0.1205,0.35105000000000003
21,2013-10-31,alcohol_and_tobacco_tax_and_trade_bureau,0.02847619047619048,0.9450238095238096,0.026523809523809526,-0.008828571428571429
22,2013-11-30,alcohol_and_tobacco_tax_and_trade_bureau,0.0,0.94775,0.052250000000000005,0.1423
23,2013-12-31,alcohol_and_tobacco_tax_and_trade_bureau,,,,
24,2014-01-31,alcohol_and_tobacco_tax_and_trade_bureau,0.0,1.0,0.0,0.0
25,2014-02-28,alcohol_and_tobacco_tax_and_trade_bureau,0.0,0.9580000000000001,0.042,0.10606666666666666
26,2014-03-31,alcohol_and_tobacco_tax_and_trade_bureau,0.0,1.0,0.0,0.0
27,2014-04-30,alcohol_and_tobacco_tax_and_trade_bureau,0.030098591549295776,0.8344929577464792,0.13539436619718312,0.3097845070422537
28,2014-05-31,alcohol_and_tobacco_tax_and_trade_bureau,0.0,0.9658333333333333,0.03416666666666667,0.10396666666666667
29,2014-06-30,alcohol_and_tobacco_tax_and_trade_bureau,0.0,0.9186825396825387,0.08131746031746033,0.19450634920634904
30,2014-07-31,alcohol_and_tobacco_tax_and_trade_bureau,0.022399999999999996,0.9776,0.0,-0.068
31,2014-08-31,alcohol_and_tobacco_tax_and_trade_bureau,0.0,0.919,0.081,0.23835
32,2014-09-30,alcohol_and_tobacco_tax_and_trade_bureau,0.0765,0.9235,0.0,-0.2202
33,2014-10-31,alcohol_and_tobacco_tax_and_trade_bureau,0.018571428571428572,0.9377142857142857,0.04371428571428571,0.06301428571428572
34,2014-11-30,alcohol_and_tobacco_tax_and_trade_bureau,0.033,0.8998000000000002,0.067,0.06565999999999998
35,2014-12-31,alcohol_and_tobacco_tax_and_trade_bureau,0.0,0.9872,0.0128,0.04215
0,2012-01-31,border_patrol,0.08156038481360577,0.8353363683215962,0.08311303899673556,-0.038414361793505894
1,2012-02-29,border_patrol,0.11032654966392834,0.8279736743838672,0.061700896191187425,-0.12111129574308985
2,2012-03-31,border_patrol,0.087823116518484,0.8434626423334872,0.06871673685852452,-0.0415569333957259
3,2012-04-30,border_patrol,0.15047601476014583,0.7924236162361609,0.05709815498154944,-0.19814318397469485
4,2012-05-31,border_patrol,0.10123582608695704,0.844513855072455,0.054250434782608506,-0.11191334492753764
5,2012-06-30,border_patrol,0.1156695603989662,0.825389915035087,0.05893221278167746,-0.13910253971185935
6,2012-07-31,border_patrol,0.1328138009504048,0.8223175824911362,0.04486553778194232,-0.20080078308011462
7,2012-08-31,border_patrol,0.12235825618188209,0.8224333763037606,0.05520707840149998,-0.16340183991562246
8,2012-09-30,border_patrol,0.1353538698103549,0.8172813941568392,0.04736822142491046,-0.2044268272680685
9,2012-10-31,border_patrol,0.2022928154030621,0.7478670587353927,0.0498575067425834,-0.37894590200777684
10,2012-11-30,border_patrol,0.1052334442786652,0.8229946057614957,0.07178044301618264,-0.09952036038104167
11,2012-12-31,border_patrol,0.11435374414976648,0.8355456318252764,0.05010088403536143,-0.13646535361414766
12,2013-01-31,border_patrol,0.09764953402993569,0.8385611409206443,0.06378720700367153,-0.07916142332674363
13,2013-02-28,border_patrol,0.09093011290553124,0.8427304559096686,0.06633800200085747,-0.05517550378733755
14,2013-03-31,border_patrol,0.10460416847590319,0.8415340859748265,0.053860703430308264,-0.1087076595744659
15,2013-04-30,border_patrol,0.12662686879247118,0.8129550444328242,0.060407841087297263,-0.135090235232619
16,2013-05-31,border_patrol,0.08544756704673208,0.8405034527059553,0.0740452866548902,-0.04059698088967392
17,2013-06-30,border_patrol,0.0872809573361086,0.8411070499479684,0.07160835067637891,-0.036112630072840594
18,2013-07-31,border_patrol,0.09758767884592652,0.8389846281187049,0.06342036183043649,-0.08034757006030481
19,2013-08-31,border_patrol,0.09763597328244254,0.8202818066157749,0.0820908078880407,-0.04351927480916025
20,2013-09-30,border_patrol,0.10489665809768639,0.8200982005141408,0.07499640102827718,-0.0669253641816627
21,2013-10-31,border_patrol,0.09929937706119511,0.8405960669353821,0.060101624526688775,-0.08909352632221745
22,2013-11-30,border_patrol,0.13728478527607485,0.8142196319018404,0.0484925153374233,-0.20310377914110367
23,2013-12-31,border_patrol,0.12099662605435803,0.8188611059044069,0.06014133083411437,-0.14418221180880825
24,2014-01-31,border_patrol,0.10411747073936616,0.8414573222951719,0.054415358264344765,-0.11342512132457862
25,2014-02-28,border_patrol,0.15130547289429436,0.8035474188122674,0.045149307801785575,-0.2633882002846409
26,2014-03-31,border_patrol,0.11384925784374762,0.8403731223891228,0.04578375255532862,-0.15569220513732024
27,2014-04-30,border_patrol,0.1046513432835822,0.8481465074626825,0.04719904477611958,-0.13241158208955084
28,2014-05-31,border_patrol,0.12538713012016936,0.8138462333634779,0.060768057888616216,-0.1434706034371368
29,2014-06-30,border_patrol,0.11878347337242344,0.8406459529710382,0.0405742912410077,-0.18553818835761704
30,2014-07-31,border_patrol,0.10830413865417025,0.8501861880383685,0.04150983778449425,-0.1555267460268699
31,2014-08-31,border_patrol,0.16139596808460507,0.7949574146640709,0.04365081913035269,-0.2581529814456398
32,2014-09-30,border_patrol,0.11119053739256143,0.8465947465659951,0.04221158325969954,-0.1551442364848605
33,2014-10-31,border_patrol,0.09788607295120819,0.849954760776874,0.05216129796305039,-0.09451467314069181
34,2014-11-30,border_patrol,0.11591739466991098,0.8362217184562576,0.04786298794647774,-0.14579630653543882
35,2014-12-31,border_patrol,0.12663670187229917,0.8359891982717299,0.03737193951032159,-0.18628688190110637
0,2012-01-31,bureau_of_land_management,0.02072894736842105,0.9411789473684206,0.03809473684210526,0.048651842105263104
1,2012-02-29,bureau_of_land_management,0.01726755852842809,0.9504448160535115,0.0322943143812709,0.024761872909698994
2,2012-03-31,bureau_of_land_management,0.035639344262295106,0.8982622950819681,0.06610491803278688,0.07765639344262298
3,2012-04-30,bureau_of_land_management,0.025573170731707312,0.9313201219512199,0.04310365853658539,0.04337652439024392
4,2012-05-31,bureau_of_land_management,0.03084387351778658,0.9238339920948608,0.04532411067193677,0.038219762845849846
5,2012-06-30,bureau_of_land_management,0.04454861111111114,0.8978246527777769,0.05762847222222218,0.023370833333333323
6,2012-07-31,bureau_of_land_management,0.019424737456242708,0.9071621936989526,0.07341423570595075,0.10623267211201923
7,2012-08-31,bureau_of_land_management,0.04056475583864123,0.913409766454351,0.04602547770700642,-0.010557324840764286
8,2012-09-30,bureau_of_land_management,0.024371584699453556,0.9301885245901637,0.04543989071038251,0.046230327868852485
9,2012-10-31,bureau_of_land_management,0.04258543417366949,0.9074453781512598,0.049963585434173646,0.038849859943977605
10,2012-11-30,bureau_of_land_management,0.03264765100671143,0.9220302013422824,0.04531543624161074,0.03291946308724833
11,2012-12-31,bureau_of_land_management,0.03326796116504855,0.9208873786407765,0.04584077669902907,0.0359652427184466
12,2013-01-31,bureau_of_land_management,0.10366753246753231,0.8712896103896091,0.025041558441558427,-0.23034116883116895
13,2013-02-28,bureau_of_land_management,0.03613598326359833,0.9228389121338911,0.04102719665271965,0.021337866108786598
14,2013-03-31,bureau_of_land_management,0.02550641025641026,0.9343942307692302,0.04010256410256412,0.04374743589743592
15,2013-04-30,bureau_of_land_management,0.03789169675090253,0.893436823104694,0.06867148014440437,0.07045703971119129
16,2013-05-31,bureau_of_land_management,0.06689183222958058,0.8876556291390717,0.04543929359823396,-0.05292980132450332
17,2013-06-30,bureau_of_land_management,0.03946524064171122,0.9199358288770049,0.04058556149732621,0.004930481283422456
18,2013-07-31,bureau_of_land_management,0.0341970588235294,0.9320176470588231,0.03378823529411766,0.0007482352941176432
19,2013-08-31,bureau_of_land_management,0.040236956521739156,0.9187782608695655,0.04098695652173913,0.004645652173913053
20,2013-09-30,bureau_of_land_management,0.05743125000000001,0.8970281249999994,0.04554062499999999,-0.054577812500000024
21,2013-10-31,bureau_of_land_management,0.046416243654822324,0.9170812182741115,0.036507614213197946,-0.025111675126903557
22,2013-11-30,bureau_of_land_management,0.03358881578947369,0.9090460526315787,0.05736513157894739,0.06750888157894738
23,2013-12-31,bureau_of_land_management,0.0698237082066869,0.8780851063829768,0.05209726443768995,-0.050092097264437745
24,2014-01-31,bureau_of_land_management,0.020356382978723407,0.9472553191489362,0.03238829787234041,0.0338345744680851
25,2014-02-28,bureau_of_land_management,0.02747272727272728,0.9154,0.05713030303030304,0.0658833333333333
26,2014-03-31,bureau_of_land_management,0.033937086092715237,0.9171589403973511,0.04890728476821189,0.026403973509933776
27,2014-04-30,bureau_of_land_management,0.06469226154769071,0.9044124175164984,0.030893521295740856,-0.08939553089382107
28,2014-05-31,bureau_of_land_management,0.09948771929824553,0.8552763157894793,0.04518245614035084,-0.13157456140350818
29,2014-06-30,bureau_of_land_management,0.08318974358974364,0.882464957264956,0.03433675213675214,-0.12743333333333356
30,2014-07-31,bureau_of_land_management,0.024211191335740075,0.943046931407942,0.03274548736462093,0.028732851985559613
31,2014-08-31,bureau_of_land_management,0.019971857410881793,0.9559530956848034,0.02407317073170732,0.011621951219512193
32,2014-09-30,bureau_of_land_management,0.04557812500000003,0.9095281250000001,0.044890625,-0.005309374999999975
33,2014-10-31,bureau_of_land_management,0.050397660818713455,0.9063187134502925,0.043277777777777776,-0.008413157894736765
34,2014-11-30,bureau_of_land_management,0.07278839590443682,0.8856518771331058,0.041556313993174075,-0.07344334470989763
35,2014-12-31,bureau_of_land_management,0.03780463576158938,0.8910264900662249,0.07117549668874171,0.07906026490066227
0,2012-01-31,central_intelligence_agency,0.059474576271186366,0.7052817796610199,0.23527330508474698,0.3806334745762703
1,2012-02-29,central_intelligence_agency,0.025522896698615554,0.7608008519701756,0.21369435569755074,0.46651970181043384
2,2012-03-31,central_intelligence_agency,0.02955784061696657,0.7111028277634959,0.2593470437017991,0.4725822622107942
3,2012-04-30,central_intelligence_agency,0.019845036319612583,0.7412966101694917,0.2388886198547235,0.48495096852299935
4,2012-05-31,central_intelligence_agency,0.024733181299885974,0.744196123147091,0.23108665906499587,0.45302827822120545
5,2012-06-30,central_intelligence_agency,0.05888368983957206,0.716089572192514,0.22501871657753972,0.3333065508021376
6,2012-07-31,central_intelligence_agency,0.020165909090909085,0.745154545454546,0.23468636363636386,0.46393636363636104
7,2012-08-31,central_intelligence_agency,0.0432927756653992,0.7204106463878346,0.23630228136882114,0.43306349809885686
8,2012-09-30,central_intelligence_agency,0.03750857142857145,0.7246571428571423,0.23781999999999978,0.40674057142856995
9,2012-10-31,central_intelligence_agency,0.1349521472392638,0.6810343558282232,0.18385766871165637,-0.01520539877300653
10,2012-11-30,central_intelligence_agency,0.06921829521829519,0.72712058212058,0.20364137214137237,0.3222056133056119
11,2012-12-31,central_intelligence_agency,0.037487421383647794,0.715625786163522,0.2468773584905661,0.4264650943396209
12,2013-01-31,central_intelligence_agency,0.042311387900355935,0.7313576512455523,0.22637188612099676,0.3733366548042684
13,2013-02-28,central_intelligence_agency,0.020027842227378186,0.7943085846867765,0.1856600928074253,0.42370058004640054
14,2013-03-31,central_intelligence_agency,0.04553173241852499,0.7169536878216118,0.23748627787306983,0.4899978559176695
15,2013-04-30,central_intelligence_agency,0.038134090909090895,0.7212386363636369,0.24063636363636373,0.42309136363636163
16,2013-05-31,central_intelligence_agency,0.039365187713310594,0.7227098976109196,0.23793515358361753,0.4219452218430006
17,2013-06-30,central_intelligence_agency,0.04392933618843684,0.7276638115631702,0.2284068522483936,0.3960781584582423
18,2013-07-31,central_intelligence_agency,0.04574999999999999,0.7316900584795347,0.22258771929824595,0.3997149122806992
19,2013-08-31,central_intelligence_agency,0.04602348993288605,0.7243053691275171,0.2296711409395971,0.40340822147650884
20,2013-09-30,central_intelligence_agency,0.03443142144638402,0.7148628428927677,0.2506982543640897,0.4360316708229406
21,2013-10-31,central_intelligence_agency,0.041671814671814675,0.6927644787644783,0.2655521235521234,0.3953254826254817
22,2013-11-30,central_intelligence_agency,0.07862289915966421,0.7758497899159782,0.14552415966386553,0.1836539915966388
23,2013-12-31,central_intelligence_agency,0.0558996960486322,0.7138449848024314,0.23027963525835854,0.33086261398176153
24,2014-01-31,central_intelligence_agency,0.0401606557377049,0.7235311475409826,0.23630819672131156,0.36859377049180286
25,2014-02-28,central_intelligence_agency,0.030511450381679385,0.7157290076335877,0.25375572519083966,0.445863358778625
26,2014-03-31,central_intelligence_agency,0.049828293736501106,0.7496835853131768,0.20046328293736604,0.35715950323973844
27,2014-04-30,central_intelligence_agency,0.038672330097087385,0.7184951456310675,0.24283009708737818,0.40618592233009515
28,2014-05-31,central_intelligence_agency,0.041207792207792214,0.6814913419913421,0.27731818181818174,0.4337764069264049
29,2014-06-30,central_intelligence_agency,0.008221243042671612,0.7438107606679002,0.24796846011131815,0.5306121521335794
30,2014-07-31,central_intelligence_agency,0.014463796477495109,0.7076937377690803,0.2778414872798445,0.5324212328767095
31,2014-08-31,central_intelligence_agency,0.03310772357723576,0.7435426829268298,0.2233638211382115,0.3055294715447141
32,2014-09-30,central_intelligence_agency,0.04636267605633798,0.685191901408451,0.26844190140845087,0.384157570422533
33,2014-10-31,central_intelligence_agency,0.07070646766169152,0.642651741293532,0.2866094527363185,0.31981442786069497
34,2014-11-30,central_intelligence_agency,0.04434210526315789,0.7181348684210542,0.2375411184210526,0.35961990131578675
35,2014-12-31,central_intelligence_agency,0.09206377551020413,0.7074226190476163,0.200541666666667,0.2018112244897945
0,2012-01-31,coast_guard,0.05987995140509565,0.8649577032514078,0.07516013939064659,0.025547607020683996
1,2012-02-29,coast_guard,0.04843250381500158,0.8438228078412869,0.10774392534335016,0.12544337363540026
2,2012-03-31,coast_guard,0.07305714975651063,0.8326567794904826,0.09428393769871554,0.04287560268845396
3,2012-04-30,coast_guard,0.11312711920310956,0.8220977637047563,0.0647773160058927,-0.11697904435210939
4,2012-05-31,coast_guard,0.05986317483428402,0.8523513161423716,0.0877875780681254,0.062314264914363426
5,2012-06-30,coast_guard,0.06905797969607134,0.8437322025348357,0.08720322845072379,0.0393739390882163
6,2012-07-31,coast_guard,0.06183785989423469,0.8467455768100918,0.09141910948619263,0.060697326499965135
7,2012-08-31,coast_guard,0.04949132437377719,0.8434245062780139,0.10708309672534531,0.12434633099880389
8,2012-09-30,coast_guard,0.13180504744464547,0.8325390191604319,0.03565546459235634,-0.07448364572393117
9,2012-10-31,coast_guard,0.06585585670962794,0.841243903209498,0.09290349380844067,0.05733671973717244
10,2012-11-30,coast_guard,0.09125894161150873,0.8418216338833261,0.06692337093315905,-0.042956353127620535
11,2012-12-31,coast_guard,0.09822092222986789,0.8321056253848547,0.0696811678197557,-0.05887279675444411
12,2013-01-31,coast_guard,0.061613534552396786,0.8672315487992945,0.07115576118087667,0.023381684658882167
13,2013-02-28,coast_guard,0.10782915184422383,0.8285712413405647,0.06360032453348267,-0.0954181801160805
14,2013-03-31,coast_guard,0.06313612890886443,0.8548271970928449,0.08203466577412358,0.042760858754901626
15,2013-04-30,coast_guard,0.053518699454000056,0.8640924504290296,0.0823853606469889,0.059942542797322716
16,2013-05-31,coast_guard,0.04829327248140635,0.8642989773495607,0.08741206051386076,0.08361148580121616
17,2013-06-30,coast_guard,0.04259067166147867,0.8698785944177636,0.08753078668284676,0.10137091225663376
18,2013-07-31,coast_guard,0.058070042860365975,0.8481515903451432,0.09373990525603454,0.08654366493721155
19,2013-08-31,coast_guard,0.05354302938960034,0.8430025244913285,0.10345478522983963,0.10472599472494397
20,2013-09-30,coast_guard,0.062183681651881866,0.8487054077081083,0.08911071016889678,0.06108898411266468
21,2013-10-31,coast_guard,0.059949260510718576,0.8550550601008121,0.08499972303772271,0.04839773998781324
22,2013-11-30,coast_guard,0.04464415946473378,0.8681648173961624,0.08719029829941323,0.09322741566768813
23,2013-12-31,coast_guard,0.05243402597402628,0.8576696753246826,0.08989038961038956,0.07837911688311573
24,2014-01-31,coast_guard,0.07051661076138462,0.8384635390341462,0.09083687910674067,0.04583350640996223
25,2014-02-28,coast_guard,0.0677120349529992,0.8374485634847103,0.0948385409770957,0.060754223487354674
26,2014-03-31,coast_guard,0.0498516841821615,0.8648702775532218,0.08527766100781427,0.08355726758285797
27,2014-04-30,coast_guard,0.09025600561756075,0.845033446670102,0.06470592800650328,-0.06311383694286155
28,2014-05-31,coast_guard,0.06734218435741138,0.8556192402432106,0.07703746807982424,0.035210126324823385
29,2014-06-30,coast_guard,0.05376487899322332,0.85746362052274,0.08877335914811091,0.08158437947724755
30,2014-07-31,coast_guard,0.05448588254275597,0.8537971926427886,0.0916792110358159,0.08453381736043454
31,2014-08-31,coast_guard,0.057292992245814446,0.8473722008841187,0.0952979563736495,0.07631762084208193
32,2014-09-30,coast_guard,0.0531320946669524,0.8592135360891102,0.08765892053972926,0.07870220603983367
33,2014-10-31,coast_guard,0.05351196908151506,0.8531217809677692,0.0933668020664897,0.08570412114997529
34,2014-11-30,coast_guard,0.05098948869638704,0.8688328755546313,0.08017953729135857,0.05997774667230097
35,2014-12-31,coast_guard,0.06072196061643869,0.8671035423801455,0.07217690496575262,0.02097270440924697
0,2012-01-31,customs_and_border_protection,0.03453400503778338,0.9285516372795963,0.0369168765743073,0.006271536523929469
1,2012-02-29,customs_and_border_protection,0.03834444444444443,0.918453333333333,0.04319777777777777,0.009393777777777739
2,2012-03-31,customs_and_border_protection,0.023618955512572537,0.9314352030947775,0.04495164410058029,0.03784661508704061
3,2012-04-30,customs_and_border_protection,0.04052658662092626,0.9257015437392799,0.033775300171526614,-0.019185934819897082
4,2012-05-31,customs_and_border_protection,0.03454215116279071,0.9178968023255778,0.04757558139534885,0.01623197674418603
5,2012-06-30,customs_and_border_protection,0.03655060728744942,0.9304170040485835,0.03303238866396762,-0.02262165991902834
6,2012-07-31,customs_and_border_protection,0.048207407407407435,0.9130574074074076,0.03873148148148147,-0.026726666666666656
7,2012-08-31,customs_and_border_protection,0.03568985507246378,0.9362840579710141,0.0280231884057971,-0.03011246376811593
8,2012-09-30,customs_and_border_protection,0.04271186440677965,0.9225520581113804,0.03473365617433414,-0.0220813559322034
9,2012-10-31,customs_and_border_protection,0.07748351648351642,0.8788373626373625,0.04368351648351649,-0.10480769230769217
10,2012-11-30,customs_and_border_protection,0.03685277777777778,0.9066833333333343,0.05646944444444447,0.044514444444444426
11,2012-12-31,customs_and_border_protection,0.031019867549668872,0.9099006622516557,0.05908388520971303,0.06567660044150107
12,2013-01-31,customs_and_border_protection,0.04876315789473681,0.9259981203007525,0.02523684210526317,-0.05284003759398496
13,2013-02-28,customs_and_border_protection,0.03932382892057026,0.934317718940937,0.026360488798370683,-0.027433197556008114
14,2013-03-31,customs_and_border_protection,0.03135781990521327,0.9137211690363424,0.05491706161137477,-0.008791469194312725
15,2013-04-30,customs_and_border_protection,0.043351201478743065,0.9195064695009243,0.037142329020332716,-0.013887060998151554
16,2013-05-31,customs_and_border_protection,0.026079918032786885,0.9301004098360657,0.04381762295081966,0.03618913934426231
17,2013-06-30,customs_and_border_protection,0.06850505050505053,0.8902601010101013,0.041214646464646475,-0.033185101010101005
18,2013-07-31,customs_and_border_protection,0.04082864792503348,0.9040120481927675,0.05514859437751007,0.024200669344042917
19,2013-08-31,customs_and_border_protection,0.030876190476190467,0.9325071428571426,0.036614285714285724,0.007735238095238094
20,2013-09-30,customs_and_border_protection,0.03373601789709173,0.9313892617449677,0.0348702460850112,0.007812080536912754
21,2013-10-31,customs_and_border_protection,0.04695769230769232,0.9055076923076929,0.047538461538461536,0.005355
22,2013-11-30,customs_and_border_protection,0.03895435684647304,0.9167468879668051,0.04430290456431534,0.005317842323651462
23,2013-12-31,customs_and_border_protection,0.03337343358395991,0.9323759398496234,0.034235588972431084,0.0002273182957393534
24,2014-01-31,customs_and_border_protection,0.050905972045743327,0.919721728081321,0.029367217280813207,-0.07229872935196952
25,2014-02-28,customs_and_border_protection,0.030021306818181846,0.9460610795454542,0.02391477272727272,-0.008894460227272725
26,2014-03-31,customs_and_border_protection,0.03838033395176251,0.924667903525047,0.03695547309833026,-0.010058627087198513
27,2014-04-30,customs_and_border_protection,0.03601295896328296,0.9227257019438446,0.04125269978401725,0.023189848812095064
28,2014-05-31,customs_and_border_protection,0.02374418604651163,0.9429507523939811,0.0333077975376197,0.017903419972640233
29,2014-06-30,customs_and_border_protection,0.0441885565669701,0.9302535760728226,0.025556566970091017,-0.04755942782834853
30,2014-07-31,customs_and_border_protection,0.046230566534914426,0.9099117259552031,0.04385638998682481,-0.006447430830039492
31,2014-08-31,customs_and_border_protection,0.034565289256198346,0.9305322314049584,0.03490578512396694,-0.011392066115702485
32,2014-09-30,customs_and_border_protection,0.0451448863636363,0.9297386363636361,0.02512926136363636,-0.0464644886363637
33,2014-10-31,customs_and_border_protection,0.030729251700680298,0.9149619047619016,0.05431156462585046,0.053673061224489796
34,2014-11-30,customs_and_border_protection,0.026573333333333334,0.940864,0.032562666666666684,0.009903466666666671
35,2014-12-31,customs_and_border_protection,0.04058260869565215,0.9356904347826079,0.023726956521739125,-0.0492033043478261
0,2012-01-31,emergency_management,0.20824694104560545,0.7371101223581797,0.05463959955506104,-0.3129555431961425
1,2012-02-29,emergency_management,0.20842243675099942,0.7313991344873547,0.06017942743009314,-0.2969263648468692
2,2012-03-31,emergency_management,0.20507131236442522,0.7292288503253802,0.06571149674620388,-0.2977250271149713
3,2012-04-30,emergency_management,0.2168176713947994,0.7231309101654906,0.06004314420803776,-0.3345256796690353
4,2012-05-31,emergency_management,0.20784998086490622,0.7228296976655275,0.06930998851894378,-0.2672698048220428
5,2012-06-30,emergency_management,0.20987583359796783,0.7349682438869503,0.055158780565258844,-0.3309583994919004
6,2012-07-31,emergency_management,0.211450782608697,0.729685565217397,0.05886886956521753,-0.31894761739130223
7,2012-08-31,emergency_management,0.2108893451480438,0.7462031553922607,0.042916792738275304,-0.32602902528638006
8,2012-09-30,emergency_management,0.1984063411078712,0.7395094752186618,0.06209256559766764,-0.28585655976676283
9,2012-10-31,emergency_management,0.201939064987696,0.7442330293819559,0.05383340570270672,-0.3196425966131421
10,2012-11-30,emergency_management,0.20629338842975237,0.7355484598046585,0.058185950413222956,-0.3250122276484046
11,2012-12-31,emergency_management,0.20893020561830408,0.7275832609325318,0.06350217202432659,-0.30536067187952354
12,2013-01-31,emergency_management,0.21877387640449564,0.6982160580524396,0.08304213483146085,-0.2797853698501921
13,2013-02-28,emergency_management,0.20362825971261383,0.7293374135178293,0.06703751995742425,-0.28023480574773746
14,2013-03-31,emergency_management,0.2063243061772603,0.7318965980304425,0.06181982990152213,-0.29707876007162987
15,2013-04-30,emergency_management,0.2046546128882717,0.7316374594344027,0.06373319425127508,-0.29302974038016416
16,2013-05-31,emergency_management,0.20863620191238705,0.7323017567267116,0.05907671781187457,-0.28718367800756894
17,2013-06-30,emergency_management,0.2129284725426884,0.7372215043839453,0.04986432856483626,-0.3416100369174133
18,2013-07-31,emergency_management,0.20098948843728115,0.7311478626489181,0.06789663629993013,-0.27819901892081234
19,2013-08-31,emergency_management,0.21797238372093009,0.7241976744186069,0.05784098837209308,-0.3231551744186065
20,2013-09-30,emergency_management,0.20791528034504078,0.7417994454713547,0.05027849661121384,-0.33136987060998024
21,2013-10-31,emergency_management,0.20369811922218764,0.7389043672298435,0.05740006375518012,-0.3013943257889684
22,2013-11-30,emergency_management,0.20380847359257132,0.7320136390017404,0.06418427161926894,-0.27973517121299923
23,2013-12-31,emergency_management,0.20792553886348944,0.7388670803396504,0.05322991508817763,-0.30981417374265063
24,2014-01-31,emergency_management,0.1976418242491676,0.7507906562847655,0.05157953281423813,-0.31501975528366105
25,2014-02-28,emergency_management,0.20772794437201333,0.7425701868752707,0.04970882225119496,-0.3230125162972754
26,2014-03-31,emergency_management,0.2161355672360949,0.7383057380639492,0.045556285589136984,-0.3522190757775002
27,2014-04-30,emergency_management,0.2217354588539429,0.7332697113313121,0.045004308487720794,-0.3547777251184971
28,2014-05-31,emergency_management,0.21557624861265443,0.7305569367369578,0.05386415094339627,-0.34147145394008216
29,2014-06-30,emergency_management,0.20861048425011838,0.7414981194170197,0.049899388810531325,-0.3128470145745273
30,2014-07-31,emergency_management,0.1952549987657382,0.7395961490989883,0.06519081708220172,-0.2636867686990867
31,2014-08-31,emergency_management,0.20554099848714272,0.7444063540090871,0.050054765506807854,-0.3072167927382733
32,2014-09-30,emergency_management,0.22047151459008926,0.7265727188513148,0.05295669291338565,-0.3407664659564843
33,2014-10-31,emergency_management,0.20649009900990228,0.7398779848573038,0.053641817122888596,-0.30524193360512586
34,2014-11-30,emergency_management,0.2085150848522951,0.7391392206159677,0.05236046511627889,-0.2984194531741012
35,2014-12-31,emergency_management,0.23242085971342893,0.7108740419860051,0.05671909363545464,-0.34287977340886344
0,2012-01-31,espionage,0.09832093497820252,0.8102099063166655,0.09147129208793443,-0.03751120489750607
1,2012-02-29,espionage,0.10109187858900692,0.7970968918056767,0.10180731018138806,-0.016202032631482934
2,2012-03-31,espionage,0.0752659640421575,0.8428817937590315,0.08185327547013826,0.007020355445339896
3,2012-04-30,espionage,0.08274450366422369,0.8330809460359732,0.08417010881634548,-0.0125579391516767
4,2012-05-31,espionage,0.0740655261793681,0.8438855365474303,0.08204551581130162,0.01678232244686364
5,2012-06-30,espionage,0.08300046952765515,0.8382186120762489,0.07878392337308746,-0.02633663254765709
6,2012-07-31,espionage,0.0793361134278568,0.8373749420813638,0.08328931517005052,0.010516504494486168
7,2012-08-31,espionage,0.07494101017715803,0.8504981153411233,0.07455917828872957,-0.002811807387862906
8,2012-09-30,espionage,0.08682234660033118,0.8353780058043202,0.07780161691542284,-0.028697916666667433
9,2012-10-31,espionage,0.09739220021223974,0.8330713654050146,0.06954757693668244,-0.05970201627166698
10,2012-11-30,espionage,0.1062368354749312,0.8210148652053306,0.07270059628789784,-0.07006641471403648
11,2012-12-31,espionage,0.09177469172752274,0.8276301927451168,0.08060110140069432,-0.02716281575481868
12,2013-01-31,espionage,0.05725203366058841,0.8831736325385711,0.059572650771388576,-0.0007488359046283411
13,2013-02-28,espionage,0.06229311246730589,0.8569958732926474,0.08065556524266154,0.0375871083987216
14,2013-03-31,espionage,0.08431705286527011,0.8579431802414276,0.057738379353406456,-0.062235229637853995
15,2013-04-30,espionage,0.07198016852498063,0.8560565154481254,0.0717061026470338,-0.006125474508468821
16,2013-05-31,espionage,0.1038769351581774,0.8366443235360017,0.0594248373345301,-0.08484769463764755
17,2013-06-30,espionage,0.12504656503890144,0.8250166508770781,0.04993698504291958,-0.12102154853156685
18,2013-07-31,espionage,0.11468414004208999,0.8140750430457255,0.07124507365601729,-0.10308585708819529
19,2013-08-31,espionage,0.094733098694824,0.8250804370142195,0.08019130371022123,-0.0433658527643342
20,2013-09-30,espionage,0.08944857675873998,0.8352558825299365,0.07526214118071739,-0.0386144791478586
21,2013-10-31,espionage,0.0789021833429722,0.8482509398496264,0.07286986697512994,-0.027148864950838486
22,2013-11-30,espionage,0.08271790006325114,0.8425601676154449,0.07473402909550919,-0.023492164769133177
23,2013-12-31,espionage,0.08097994443479771,0.8404207327660954,0.07860158013544023,-0.010096093071713889
24,2014-01-31,espionage,0.07627341219016019,0.8372223310479813,0.08650937994424755,0.012039275220372058
25,2014-02-28,espionage,0.0675523946131167,0.8635994103115767,0.06886158259622285,-0.006051884612319658
26,2014-03-31,espionage,0.07705475870312295,0.8638086807112,0.05913872702823855,-0.04415839683251105
27,2014-04-30,espionage,0.07750443964482909,0.8432205423566053,0.07927525797936243,-0.014236053115750727
28,2014-05-31,espionage,0.10642895051081037,0.8326144354517783,0.060952058732475924,-0.09026638361859236
29,2014-06-30,espionage,0.08927895317356982,0.8352638122931917,0.0754622480697886,-0.05478145994184234
30,2014-07-31,espionage,0.09093599642651781,0.8411927764660688,0.06786222959606901,-0.043324925020738626
31,2014-08-31,espionage,0.08581544040461825,0.8465537742150955,0.06763288481725373,-0.04827092279797687
32,2014-09-30,espionage,0.07884966679733522,0.8412439239513875,0.07989876519012144,-0.0034484221873776694
33,2014-10-31,espionage,0.07214454879542712,0.8474052674561033,0.08045059207839916,0.013451521028991349
34,2014-11-30,espionage,0.06457363851618003,0.8663634569850002,0.0690587213891079,0.01933322809786893
35,2014-12-31,espionage,0.08810621714700057,0.8391305963385797,0.07276164582200463,-0.04122068152981703
0,2012-01-31,federal_air_marshal_service,0.0,0.7868749999999997,0.21312500000000004,0.5024249999999999
1,2012-02-29,federal_air_marshal_service,0.08770247933884298,0.8844132231404962,0.027884297520661152,-0.18558677685950417
2,2012-03-31,federal_air_marshal_service,0.030941176470588236,0.7783529411764707,0.1908235294117647,0.3799058823529412
3,2012-04-30,federal_air_marshal_service,,,,
4,2012-05-31,federal_air_marshal_service,0.1155,0.8845000000000001,0.0,-0.3454
5,2012-06-30,federal_air_marshal_service,0.0,0.8866666666666667,0.11333333333333333,0.22666666666666668
6,2012-07-31,federal_air_marshal_service,0.0,0.86,0.14,0.4767
7,2012-08-31,federal_air_marshal_service,0.0,0.8809999999999999,0.11900000000000001,0.3182
8,2012-09-30,federal_air_marshal_service,,,,
9,2012-10-31,federal_air_marshal_service,,,,
10,2012-11-30,federal_air_marshal_service,0.0,1.0,0.0,0.0
11,2012-12-31,federal_air_marshal_service,,,,
12,2013-01-31,federal_air_marshal_service,0.019904761904761904,0.9568571428571427,0.02323809523809524,0.013219047619047616
13,2013-02-28,federal_air_marshal_service,0.0,0.8574999999999999,0.1425,0.41085
14,2013-03-31,federal_air_marshal_service,0.0,0.854,0.146,0.3672
15,2013-04-30,federal_air_marshal_service,0.0,0.852,0.14800000000000002,0.3818
16,2013-05-31,federal_air_marshal_service,,,,
17,2013-06-30,federal_air_marshal_service,0.0,0.8230000000000001,0.17699999999999996,0.38705000000000006
18,2013-07-31,federal_air_marshal_service,0.0125,0.7805,0.20700000000000002,0.37272
19,2013-08-31,federal_air_marshal_service,0.0,0.9730000000000001,0.027000000000000003,0.11148
20,2013-09-30,federal_air_marshal_service,,,,
21,2013-10-31,federal_air_marshal_service,0.1375,0.72,0.1425,-0.007475000000000009
22,2013-11-30,federal_air_marshal_service,0.0,1.0,0.0,0.0
23,2013-12-31,federal_air_marshal_service,,,,
24,2014-01-31,federal_air_marshal_service,0.0,1.0,0.0,0.0
25,2014-02-28,federal_air_marshal_service,0.006154320987654321,0.989851851851852,0.004,-0.0070555555555555545
26,2014-03-31,federal_air_marshal_service,0.0,0.927,0.073,0.19810000000000003
27,2014-04-30,federal_air_marshal_service,0.09673387096774182,0.8031532258064525,0.09933870967741931,0.005509677419354817
28,2014-05-31,federal_air_marshal_service,0.0,0.86175,0.13825,0.402475
29,2014-06-30,federal_air_marshal_service,0.0,1.0,0.0,0.0
30,2014-07-31,federal_air_marshal_service,0.0188,0.8968,0.0844,0.15034
31,2014-08-31,federal_air_marshal_service,0.022000000000000002,0.8137499999999999,0.16424999999999995,0.2588125
32,2014-09-30,federal_air_marshal_service,,,,
33,2014-10-31,federal_air_marshal_service,0.0,1.0,0.0,0.0
0,2012-01-31,federal_aviation_administration,0.024443319838056712,0.8913684210526316,0.08419838056680158,0.1336605263157895
1,2012-02-29,federal_aviation_administration,0.01505084745762712,0.9237231638418071,0.06122740112994357,0.0896590395480226
2,2012-03-31,federal_aviation_administration,0.0215864553314121,0.9134517291066229,0.0649632564841497,0.09318883285302572
3,2012-04-30,federal_aviation_administration,0.03226328800988872,0.9068269468479591,0.060911001236094046,0.057950185414091485
4,2012-05-31,federal_aviation_administration,0.04539855818743575,0.9087796086508736,0.04582904222451076,-0.0022062821833161448
5,2012-06-30,federal_aviation_administration,0.02539893262174787,0.9340500333555702,0.040550366911274234,0.02593115410273524
6,2012-07-31,federal_aviation_administration,0.02287841352405725,0.9348283485045505,0.04229388816644998,0.029444473342002682
7,2012-08-31,federal_aviation_administration,0.024210716871832016,0.925119478638664,0.050672700941347106,0.05150021723388824
8,2012-09-30,federal_aviation_administration,0.018993256911665576,0.9278954821308144,0.05307349966284557,0.06751159811193494
9,2012-10-31,federal_aviation_administration,0.030302588996763788,0.9174919093851133,0.052210355987054965,0.03787281553398068
10,2012-11-30,federal_aviation_administration,0.030499999999999996,0.8918996478873241,0.07760211267605634,0.10490264084507062
11,2012-12-31,federal_aviation_administration,0.038390590809628033,0.90648358862144,0.05512691466083138,0.03805820568927787
12,2013-01-31,federal_aviation_administration,0.02105359435173297,0.943048138639283,0.03589955070603339,0.03745474967907543
13,2013-02-28,federal_aviation_administration,0.01834452830188681,0.9039641509433993,0.07768981132075449,0.1425801509433968
14,2013-03-31,federal_aviation_administration,0.03988500186081115,0.9141172311127688,0.045983624860439186,0.01805113509490101
15,2013-04-30,federal_aviation_administration,0.04333276157804478,0.9230849056603784,0.03359112349914251,-0.03559133790737552
16,2013-05-31,federal_aviation_administration,0.036184294871794885,0.9316730769230757,0.032147435897435885,-0.011442147435897452
17,2013-06-30,federal_aviation_administration,0.028145996860282574,0.9042103610675039,0.06764835164835178,0.09751491365777099
18,2013-07-31,federal_aviation_administration,0.03399049881235152,0.9176389548693589,0.04836817102137763,0.026712589073634285
19,2013-08-31,federal_aviation_administration,0.05597819314641747,0.8853582554517127,0.058663551401869136,0.005668535825545183
20,2013-09-30,federal_aviation_administration,0.04829649122807016,0.8568438596491244,0.09485087719298219,0.0797907017543861
21,2013-10-31,federal_aviation_administration,0.035573590096286016,0.9035749656121036,0.060845942228335614,0.039855020632736674
22,2013-11-30,federal_aviation_administration,0.021625261688764833,0.9201221214235896,0.058254012561060685,0.0822509420795531
23,2013-12-31,federal_aviation_administration,0.00939311449159327,0.9716485188150522,0.018959167333867103,0.018032425940752616
24,2014-01-31,federal_aviation_administration,0.014642512077294684,0.9244710144927532,0.0608913043478261,0.10586642512077295
25,2014-02-28,federal_aviation_administration,0.026801047120418836,0.923324607329843,0.04989136125654446,0.06964921465968588
26,2014-03-31,federal_aviation_administration,0.04130061892130851,0.9112732095490679,0.047425287356321774,0.013315296198054659
27,2014-04-30,federal_aviation_administration,0.03607469879518071,0.906961445783132,0.056963855421686777,0.043237590361445755
28,2014-05-31,federal_aviation_administration,0.09963826606875913,0.8761793721973178,0.024180866965620305,-0.1560580966616826
29,2014-06-30,federal_aviation_administration,0.04250249750249752,0.9183781218781258,0.0391153846153846,0.0026864635364633586
30,2014-07-31,federal_aviation_administration,0.10579128299570234,0.8575966850828869,0.036607120933088176,-0.2063439328831608
31,2014-08-31,federal_aviation_administration,0.04016649377593357,0.9243428423236484,0.03548340248962665,-0.040493101659750744
32,2014-09-30,federal_aviation_administration,0.02759099804305285,0.8980117416829713,0.07440019569471633,0.09345048923679071
33,2014-10-31,federal_aviation_administration,0.05000000000000001,0.9148250539956803,0.035174946004319654,-0.03827127429805616
34,2014-11-30,federal_aviation_administration,0.052250666666666695,0.9046533333333331,0.04309199999999999,-0.0286589333333333
35,2014-12-31,federal_aviation_administration,0.035415525114155244,0.8916453576864536,0.0729315068493151,0.08862435312024376
0,2012-01-31,federal_bureau_of_investigation,0.0497369498464688,0.9185639713408389,0.031704196519959066,-0.048949846468781893
1,2012-02-29,federal_bureau_of_investigation,0.05063776070252473,0.9124511525795814,0.03690010976948411,-0.03381997804610314
2,2012-03-31,federal_bureau_of_investigation,0.14515600000000012,0.8210866666666672,0.033746666666666696,-0.26694679999999993
3,2012-04-30,federal_bureau_of_investigation,0.03178013029315963,0.9324364820846917,0.035780130293159594,0.002087785016286673
4,2012-05-31,federal_bureau_of_investigation,0.025642412935323402,0.957408582089552,0.01695024875621891,-0.023799626865671643
5,2012-06-30,federal_bureau_of_investigation,0.1379514767932488,0.8157447257383962,0.04633966244725738,-0.245592194092827
6,2012-07-31,federal_bureau_of_investigation,0.026064705882352934,0.9407447058823535,0.03319058823529413,0.02118552941176471
7,2012-08-31,federal_bureau_of_investigation,0.07535853131749427,0.9046781857451459,0.019964362850971935,-0.1389393088552923
8,2012-09-30,federal_bureau_of_investigation,0.05924479166666668,0.9071302083333337,0.033642361111111095,-0.07623472222222227
9,2012-10-31,federal_bureau_of_investigation,0.14973210633946796,0.8206083844580744,0.029658486707566448,-0.3169776073619619
10,2012-11-30,federal_bureau_of_investigation,0.024674316939890684,0.9457672131147546,0.029556284153005458,0.004034426229508235
11,2012-12-31,federal_bureau_of_investigation,0.05885661764705885,0.8999724264705863,0.04118382352941175,-0.05150294117647062
12,2013-01-31,federal_bureau_of_investigation,0.07507673860911267,0.8810263788968824,0.04388249400479615,-0.0742398081534772
13,2013-02-28,federal_bureau_of_investigation,0.08155158184319093,0.8888982118294386,0.029555708390646508,-0.1467975240715262
14,2013-03-31,federal_bureau_of_investigation,0.06668265162200283,0.8805909732016917,0.052729196050775785,-0.035444569816643075
15,2013-04-30,federal_bureau_of_investigation,0.09863346104725404,0.8583729246487697,0.04297914005959982,-0.14893942103022395
16,2013-05-31,federal_bureau_of_investigation,0.05252408256880735,0.8904977064220178,0.05698967889908241,-0.0011184633027522988
17,2013-06-30,federal_bureau_of_investigation,0.046767521367521346,0.9088205128205136,0.04441196581196581,-0.012318119658119686
18,2013-07-31,federal_bureau_of_investigation,0.04203695652173914,0.9011413043478274,0.05682826086956525,0.04209065217391306
19,2013-08-31,federal_bureau_of_investigation,0.053071225071225074,0.9077863247863249,0.039150997150997145,-0.033755270655270654
20,2013-09-30,federal_bureau_of_investigation,0.04984115523465709,0.9241841155234659,0.02597472924187725,-0.06321389891696742
21,2013-10-31,federal_bureau_of_investigation,0.05980676328502411,0.9074347826086958,0.032777777777777795,-0.07944202898550726
22,2013-11-30,federal_bureau_of_investigation,0.044323684210526314,0.9167236842105261,0.03896315789473686,-0.011487631578947373
23,2013-12-31,federal_bureau_of_investigation,0.055710416666666804,0.9100374999999999,0.03427291666666669,-0.05725854166666658
24,2014-01-31,federal_bureau_of_investigation,0.09332815198618351,0.8751347150259072,0.03153367875647669,-0.18893903281519794
25,2014-02-28,federal_bureau_of_investigation,0.03789100817438692,0.9319618528610352,0.03015803814713897,-0.03058801089918255
26,2014-03-31,federal_bureau_of_investigation,0.041618263473053856,0.9314790419161681,0.02690119760479041,-0.04943413173652694
27,2014-04-30,federal_bureau_of_investigation,0.09697379543533427,0.8587320371935812,0.044297548605241155,-0.15645857988165576
28,2014-05-31,federal_bureau_of_investigation,0.044815602836879416,0.9161375886524824,0.03905390070921987,-0.027507943262411308
29,2014-06-30,federal_bureau_of_investigation,0.04910696095076401,0.9164125636672331,0.034478777589134105,-0.04269983022071308
30,2014-07-31,federal_bureau_of_investigation,0.026140442132639788,0.9434876462938878,0.030368010403120916,0.0025855656697009086
31,2014-08-31,federal_bureau_of_investigation,0.057165435745938055,0.9114357459379638,0.031395864106351555,-0.08430251107828643
32,2014-09-30,federal_bureau_of_investigation,0.03883880597014927,0.9329611940298504,0.02819701492537312,-0.03645597014925374
33,2014-10-31,federal_bureau_of_investigation,0.06175073313782991,0.895605571847507,0.04265102639296191,-0.04453709677419354
34,2014-11-30,federal_bureau_of_investigation,0.08960237388724028,0.8753086053412455,0.03509198813056379,-0.1458029673590505
35,2014-12-31,federal_bureau_of_investigation,0.12449095607235103,0.8577126614987058,0.017794832041343668,-0.2654238759689951
0,2012-01-31,federal_emergency_management_agency,0.18711538461538468,0.7745192307692305,0.03836538461538462,-0.34668076923076846
1,2012-02-29,federal_emergency_management_agency,0.2048057142857141,0.7479371428571432,0.0472,-0.3788114285714282
2,2012-03-31,federal_emergency_management_agency,0.21144444444444452,0.7327025089605734,0.0558745519713262,-0.3625537634408593
3,2012-04-30,federal_emergency_management_agency,0.18463013698630137,0.7660821917808215,0.049315068493150684,-0.30225958904109534
4,2012-05-31,federal_emergency_management_agency,0.187,0.7485683453237408,0.06443884892086334,-0.27455251798561126
5,2012-06-30,federal_emergency_management_agency,0.17518064516129034,0.7653935483870961,0.0594,-0.2766174193548382
6,2012-07-31,federal_emergency_management_agency,0.2105058823529411,0.7433117647058822,0.046170588235294116,-0.36439058823529374
7,2012-08-31,federal_emergency_management_agency,0.20013461538461547,0.7432692307692312,0.056615384615384595,-0.3273355769230765
8,2012-09-30,federal_emergency_management_agency,0.18176250000000008,0.7346812500000002,0.08362499999999999,-0.21954124999999972
9,2012-10-31,federal_emergency_management_agency,0.20115438596491234,0.7409906432748525,0.05783508771929821,-0.3364170760233912
10,2012-11-30,federal_emergency_management_agency,0.20155381400209,0.7585276907001052,0.03993312434691744,-0.37847011494252825
11,2012-12-31,federal_emergency_management_agency,0.18266666666666664,0.7749207920792077,0.04244224422442244,-0.34302046204620384
12,2013-01-31,federal_emergency_management_agency,0.19087222222222244,0.7613805555555547,0.04779444444444445,-0.36501944444444384
13,2013-02-28,federal_emergency_management_agency,0.17374893617021286,0.8057787234042534,0.02045106382978724,-0.3908757446808502
14,2013-03-31,federal_emergency_management_agency,0.19049275362318818,0.7568949275362317,0.05269202898550724,-0.3455786231884055
15,2013-04-30,federal_emergency_management_agency,0.17869711538461572,0.7855769230769235,0.03567788461538462,-0.3471418269230764
16,2013-05-31,federal_emergency_management_agency,0.1988991935483871,0.7589758064516128,0.042137096774193535,-0.350101612903225
17,2013-06-30,federal_emergency_management_agency,0.2621044776119401,0.7003507462686576,0.03753980099502487,-0.5299388059701504
18,2013-07-31,federal_emergency_management_agency,0.20125766871165648,0.7483067484662573,0.05044171779141104,-0.33466625766871105
19,2013-08-31,federal_emergency_management_agency,0.18744751381215471,0.7564861878453033,0.0560220994475138,-0.3010756906077341
20,2013-09-30,federal_emergency_management_agency,0.20080000000000015,0.750837837837838,0.04835135135135133,-0.33103189189189147
21,2013-10-31,federal_emergency_management_agency,0.20198830409356738,0.7564853801169591,0.041567251461988294,-0.3858701754385962
22,2013-11-30,federal_emergency_management_agency,0.2144692737430168,0.7385586592178769,0.04693854748603352,-0.3969737430167594
23,2013-12-31,federal_emergency_management_agency,0.19494285714285728,0.7758114285714279,0.029262857142857146,-0.42017657142857073
24,2014-01-31,federal_emergency_management_agency,0.18764782608695676,0.7790478260869564,0.03331739130434783,-0.37531695652173835
25,2014-02-28,federal_emergency_management_agency,0.17992397660818726,0.767204678362572,0.05285380116959063,-0.29709532163742636
26,2014-03-31,federal_emergency_management_agency,0.1707790697674418,0.7793779069767437,0.04983139534883721,-0.28313662790697613
27,2014-04-30,federal_emergency_management_agency,0.20790066225165554,0.7414370860927151,0.05065562913907283,-0.36788940397350955
28,2014-05-31,federal_emergency_management_agency,0.1953391304347826,0.7399913043478258,0.06467826086956523,-0.31534695652173866
29,2014-06-30,federal_emergency_management_agency,0.18613445378151247,0.7717310924369746,0.042109243697478996,-0.3426831932773104
30,2014-07-31,federal_emergency_management_agency,0.19465644171779145,0.7162822085889563,0.0892883435582823,-0.24089325153374264
31,2014-08-31,federal_emergency_management_agency,0.23669934640522863,0.7148104575163395,0.048431372549019594,-0.4099980392156858
32,2014-09-30,federal_emergency_management_agency,0.2105696202531646,0.7377405063291137,0.05170886075949367,-0.3412588607594934
33,2014-10-31,federal_emergency_management_agency,0.20048245614035085,0.7570526315789473,0.04244736842105263,-0.35926666666666623
34,2014-11-30,federal_emergency_management_agency,0.22529565217391323,0.7396347826086953,0.035069565217391296,-0.39132173913043433
35,2014-12-31,federal_emergency_management_agency,0.19847619047619042,0.7215999999999999,0.07999999999999999,-0.2558733333333331
0,2012-01-31,fusion_center,0.034252279635258356,0.841863221884499,0.12390273556230998,0.19279574468085076
1,2012-02-29,fusion_center,0.08067039106145259,0.8280279329608943,0.09131284916201117,-0.003856983240223447
2,2012-03-31,fusion_center,0.10581410256410248,0.7975641025641029,0.09662820512820523,-0.016148076923076928
3,2012-04-30,fusion_center,0.050881188118811885,0.8704455445544559,0.07870297029702969,0.04735346534653464
4,2012-05-31,fusion_center,0.07091724137931033,0.8356068965517243,0.09348965517241378,0.04332000000000001
5,2012-06-30,fusion_center,0.19569523809523798,0.7165857142857155,0.08771428571428572,-0.18980142857142857
6,2012-07-31,fusion_center,0.08300000000000002,0.8499219858156026,0.06711347517730498,-0.03135815602836878
7,2012-08-31,fusion_center,0.08344444444444445,0.780247863247863,0.13630769230769227,0.11106923076923084
8,2012-09-30,fusion_center,0.06799019607843138,0.8467156862745104,0.08528431372549018,0.03146715686274518
9,2012-10-31,fusion_center,0.09155945419103319,0.7984795321637438,0.10997465886939578,0.056551267056530276
10,2012-11-30,fusion_center,0.05056937799043062,0.8691961722488037,0.08022488038277516,0.07143492822966499
11,2012-12-31,fusion_center,0.0780153846153846,0.8471384615384621,0.07486153846153848,0.01541333333333332
12,2013-01-31,fusion_center,0.09282142857142858,0.8144928571428574,0.09268571428571429,-0.019632857142857136
13,2013-02-28,fusion_center,0.10766451612903227,0.7975612903225802,0.09470967741935485,-0.05123354838709676
14,2013-03-31,fusion_center,0.028570915619389577,0.9347755834829444,0.036655296229802486,0.007484739676840199
15,2013-04-30,fusion_center,0.04264873949579828,0.882240336134453,0.07509411764705888,0.04346352941176484
16,2013-05-31,fusion_center,0.09151785714285715,0.8483779761904758,0.06009821428571429,-0.07214285714285713
17,2013-06-30,fusion_center,0.08168292682926828,0.8519573170731706,0.06634756097560977,-0.05678689024390246
18,2013-07-31,fusion_center,0.05707425742574256,0.8304059405940594,0.11251485148514855,0.1009455445544554
19,2013-08-31,fusion_center,0.07495798319327727,0.8710420168067222,0.053999999999999986,-0.06092521008403365
20,2013-09-30,fusion_center,0.0699181818181818,0.879427272727273,0.05066363636363636,-0.048131818181818185
21,2013-10-31,fusion_center,0.030993506493506504,0.9226168831168835,0.04637662337662337,0.03556493506493506
22,2013-11-30,fusion_center,0.038989795918367334,0.857561224489796,0.10343877551020408,0.12476989795918368
23,2013-12-31,fusion_center,0.05807092198581559,0.8630921985815606,0.078822695035461,0.03403049645390068
24,2014-01-31,fusion_center,0.09360194174757269,0.8368349514563103,0.06954368932038839,-0.06107233009708739
25,2014-02-28,fusion_center,0.05412881355932198,0.8545559322033919,0.09126440677966108,0.07923627118644073
26,2014-03-31,fusion_center,0.03326449275362318,0.8964891304347827,0.07022826086956521,0.07147862318840578
27,2014-04-30,fusion_center,0.04876206896551727,0.8925862068965517,0.058717241379310364,0.03864310344827582
28,2014-05-31,fusion_center,0.057795847750865076,0.8748823529411769,0.06731487889273355,0.04157058823529409
29,2014-06-30,fusion_center,0.0937591623036649,0.8639319371727752,0.042314136125654454,-0.1218031413612566
30,2014-07-31,fusion_center,0.07034567901234569,0.862864197530864,0.06679012345679014,-0.010091358024691344
31,2014-08-31,fusion_center,0.07760144927536226,0.8290507246376804,0.09333333333333321,0.043893115942028986
32,2014-09-30,fusion_center,0.09698671096345524,0.7843887043189373,0.11864784053156158,0.09589468438538191
33,2014-10-31,fusion_center,0.03679687500000001,0.858171875,0.10503906249999997,0.16670937499999997
34,2014-11-30,fusion_center,0.03231782945736434,0.9147558139534886,0.05293798449612406,0.043785271317829486
35,2014-12-31,fusion_center,0.07350381679389315,0.8632595419847329,0.06321374045801528,-0.03588473282442748
0,2012-01-31,homeland_defense,0.0208125,0.7598482142857143,0.2193392857142858,0.2741794642857142
1,2012-02-29,homeland_defense,0.04446491228070176,0.7431929824561405,0.21232456140350875,0.24693333333333314
2,2012-03-31,homeland_defense,0.043556962025316434,0.8045443037974682,0.15189873417721522,0.1039632911392406
3,2012-04-30,homeland_defense,0.02668604651162791,0.7925000000000003,0.18081395348837218,0.21695930232558144
4,2012-05-31,homeland_defense,0.03747663551401869,0.7393271028037383,0.22317757009345812,0.20838598130841124
5,2012-06-30,homeland_defense,0.030149122807017543,0.7474912280701753,0.22235964912280695,0.24940877192982444
6,2012-07-31,homeland_defense,0.018230215827338133,0.7700215827338128,0.21174100719424457,0.29006834532374076
7,2012-08-31,homeland_defense,0.025811965811965813,0.7591623931623931,0.21501709401709393,0.28247179487179486
8,2012-09-30,homeland_defense,0.02013793103448276,0.7634655172413793,0.21639655172413796,0.271194827586207
9,2012-10-31,homeland_defense,0.034020408163265306,0.7578673469387756,0.20810204081632666,0.22357551020408167
10,2012-11-30,homeland_defense,0.028931034482758626,0.7519885057471265,0.21910344827586212,0.2618862068965517
11,2012-12-31,homeland_defense,0.040860215053763436,0.7621505376344085,0.19700000000000006,0.1739849462365592
12,2013-01-31,homeland_defense,0.028009803921568627,0.7570196078431372,0.2149705882352941,0.2603735294117646
13,2013-02-28,homeland_defense,0.010352459016393442,0.7546639344262297,0.23497540983606552,0.48692213114754224
14,2013-03-31,homeland_defense,0.015898648648648647,0.7638783783783778,0.22021621621621612,0.2984405405405406
15,2013-04-30,homeland_defense,0.03472127139364301,0.768286063569681,0.1969853300733493,0.25856381418092933
16,2013-05-31,homeland_defense,0.0873403805496829,0.7662325581395333,0.1464862579281183,0.017868287526426992
17,2013-06-30,homeland_defense,0.013452173913043479,0.8032173913043479,0.18335652173913045,0.25084869565217377
18,2013-07-31,homeland_defense,0.05462608695652174,0.756826086956521,0.18855652173913037,0.1733782608695651
19,2013-08-31,homeland_defense,0.0054418604651162794,0.764127906976744,0.23043023255813963,0.34038837209302303
20,2013-09-30,homeland_defense,0.017313953488372093,0.7869883720930235,0.19569767441860472,0.2436825581395349
21,2013-10-31,homeland_defense,0.03156074766355141,0.7797009345794391,0.18873831775700947,0.18973271028037383
22,2013-11-30,homeland_defense,0.018910112359550563,0.7895393258426971,0.19156179775280907,0.22782921348314605
23,2013-12-31,homeland_defense,0.03534177215189873,0.7990379746835446,0.16560759493670893,0.1411126582278482
24,2014-01-31,homeland_defense,0.024469135802469136,0.7624074074074079,0.21311111111111117,0.24825432098765443
25,2014-02-28,homeland_defense,0.01832075471698113,0.794735849056604,0.18692452830188694,0.20333396226415104
26,2014-03-31,homeland_defense,0.07788571428571427,0.7495428571428577,0.17252857142857153,0.03817285714285718
27,2014-04-30,homeland_defense,0.02063106796116505,0.7683106796116509,0.2110388349514565,0.2666796116504855
28,2014-05-31,homeland_defense,0.019390625,0.7832187500000004,0.19735937500000014,0.2133453125000001
29,2014-06-30,homeland_defense,0.024019230769230772,0.765615384615385,0.2103846153846156,0.22793076923076938
30,2014-07-31,homeland_defense,0.028625,0.7591562500000005,0.21220833333333342,0.24852812499999977
31,2014-08-31,homeland_defense,0.021866666666666666,0.7671555555555557,0.21096666666666677,0.274351111111111
32,2014-09-30,homeland_defense,0.024181818181818183,0.7524848484848489,0.22333333333333336,0.3394537878787881
33,2014-10-31,homeland_defense,0.033424528301886795,0.765801886792453,0.20073584905660383,0.22562735849056592
34,2014-11-30,homeland_defense,0.011194444444444444,0.7417592592592596,0.2470462962962966,0.31858611111111096
35,2014-12-31,homeland_defense,0.05680909090909092,0.7714909090909089,0.17171818181818188,0.10601818181818193
0,2012-01-31,national_guard,0.03020484652665616,0.897958535271951,0.0718343923891592,0.10101153114342169
1,2012-02-29,national_guard,0.02883259136556604,0.8968117817579468,0.07435207233323045,0.11315024329640685
2,2012-03-31,national_guard,0.03480414890049359,0.8918508599626334,0.07334446414027748,0.08933964930771927
3,2012-04-30,national_guard,0.039953751284686895,0.885353447853971,0.07469265404003333,0.08184381637547132
4,2012-05-31,national_guard,0.03213371638524081,0.8923617495309648,0.07550555034396564,0.10591891807379693
5,2012-06-30,national_guard,0.03185080465902029,0.8944218013692493,0.07372779407842005,0.10244622566017605
6,2012-07-31,national_guard,0.044007922775703825,0.8836939714051668,0.07229856115107931,0.06628629450869719
7,2012-08-31,national_guard,0.039577961672474335,0.8743718060394691,0.08605028068137663,0.10336810394889831
8,2012-09-30,national_guard,0.03626553043141437,0.8813526364208667,0.08237946061105,0.10396859051953856
9,2012-10-31,national_guard,0.04241483718589119,0.8800295427266155,0.07755294846478479,0.08393964455802139
10,2012-11-30,national_guard,0.042027440041235674,0.8723810982080564,0.08559140110973028,0.09761945665686314
11,2012-12-31,national_guard,0.03173661764705898,0.8726015196078437,0.09566289215686198,0.14155622549019437
12,2013-01-31,national_guard,0.038018305795961306,0.887324940991349,0.07465376344086033,0.08466972462627974
13,2013-02-28,national_guard,0.04474523406655387,0.872356288776088,0.08289746192893419,0.08916625493513956
14,2013-03-31,national_guard,0.04094280013302291,0.869246868418132,0.08980983261279238,0.10400159627536022
15,2013-04-30,national_guard,0.04536187563710492,0.8713460550458795,0.0832915800203878,0.08537946177370043
16,2013-05-31,national_guard,0.04160792382410621,0.8676432843676685,0.09074730848365999,0.11146218000861374
17,2013-06-30,national_guard,0.03702884502408667,0.869165080484086,0.093805428269298,0.12426401715427225
18,2013-07-31,national_guard,0.05129964328180747,0.8692846384689477,0.07941707717569724,0.05632010078704498
19,2013-08-31,national_guard,0.04042420717521717,0.877466878902901,0.08210842414595271,0.09671210358760844
20,2013-09-30,national_guard,0.056687359633883154,0.8572094580278999,0.08610572481884769,0.0693742743336617
21,2013-10-31,national_guard,0.05154001822279796,0.8823668057353881,0.06609197717354787,0.036865410252720575
22,2013-11-30,national_guard,0.04164955033362329,0.8560147374528538,0.10233559617058144,0.1372458485639713
23,2013-12-31,national_guard,0.030461533283973694,0.8585437840748479,0.11099427879114154,0.17406066500639258
24,2014-01-31,national_guard,0.041695021097046134,0.8717162869198282,0.08658739803094119,0.09678472011251416
25,2014-02-28,national_guard,0.09776146044624866,0.8241284787018169,0.07810957403651168,-0.04589169574036479
26,2014-03-31,national_guard,0.0651186416443243,0.8447326184093029,0.09015188561215465,0.04909017336907883
27,2014-04-30,national_guard,0.05926838774993719,0.8540559858263786,0.08667091875474535,0.05546391799544407
28,2014-05-31,national_guard,0.05442929833958216,0.8694146453439483,0.07615850485882583,0.0436840156094591
29,2014-06-30,national_guard,0.05302014739871737,0.8703053072260196,0.07667432732981548,0.04987517770703339
30,2014-07-31,national_guard,0.052746399220536457,0.8749688003049875,0.07228804117597157,0.041498407184613305
31,2014-08-31,national_guard,0.06685900667665973,0.8836423672617045,0.04950024980696819,-0.040654871235860576
32,2014-09-30,national_guard,0.06608697824156319,0.8747936833925474,0.059115563943161385,-0.014393178285967843
33,2014-10-31,national_guard,0.0653798537928424,0.8750712047849607,0.05955169467388204,-0.01572938384126031
34,2014-11-30,national_guard,0.07920127327818018,0.8589851223913089,0.06181465972151229,-0.040014314166069036
35,2014-12-31,national_guard,0.05073407082824487,0.8652950937432687,0.08396738740032887,0.06926021119172451
0,2012-01-31,secret_service,0.07258432583443628,0.8610444787531197,0.0663692104102341,-0.02694897073959699
1,2012-02-29,secret_service,0.05484639614600707,0.8740963498239759,0.07105861280958584,0.03646469026002125
2,2012-03-31,secret_service,0.06042062998652986,0.861702362449495,0.07787876903947796,0.04126116982696145
3,2012-04-30,secret_service,0.11767079346331638,0.8340506137933127,0.04827983130477518,-0.15602120605582484
4,2012-05-31,secret_service,0.1295036483035194,0.8054636765780739,0.06503862641370863,-0.17390602198108274
5,2012-06-30,secret_service,0.07422866572371488,0.8415094557074847,0.08426124993451684,0.028435046361779244
6,2012-07-31,secret_service,0.09061873087667914,0.8420143674338267,0.06736789942796347,-0.039146607689237556
7,2012-08-31,secret_service,0.07896620450606653,0.8484702277791729,0.07256381530081693,-0.0106065919782126
8,2012-09-30,secret_service,0.08955216152209537,0.8449420784329339,0.06550592060370163,-0.059658921045235104
9,2012-10-31,secret_service,0.10228071585490063,0.8280490810695121,0.06966618442908437,-0.07299024808444485
10,2012-11-30,secret_service,0.11621265671641773,0.8147201990049989,0.06906531343283498,-0.11086796019900907
11,2012-12-31,secret_service,0.061993934142114675,0.865906629116112,0.07209806470248448,0.024044569612940495
12,2013-01-31,secret_service,0.06849187662742448,0.8670258554296698,0.06448157112993712,-0.025310811603770304
13,2013-02-28,secret_service,0.059496987764735124,0.8753686106453017,0.06513384261847122,0.007862710390658886
14,2013-03-31,secret_service,0.04680393750564457,0.898993196664557,0.054188265751527236,0.01664810801047592
15,2013-04-30,secret_service,0.08278354636300456,0.858452986288598,0.058759888449918855,-0.05028045549617036
16,2013-05-31,secret_service,0.06800803549008144,0.8527027705700116,0.0792876872855108,0.01008875868418851
17,2013-06-30,secret_service,0.07079184671830459,0.8530723196086406,0.07613705666530816,0.015181622503057495
18,2013-07-31,secret_service,0.06592185933247449,0.8727619252256114,0.06131693167168051,-0.016486370147543332
19,2013-08-31,secret_service,0.057540413063674946,0.8830493818337721,0.05940627456585453,-0.006594082755663711
20,2013-09-30,secret_service,0.05734135546334783,0.8668835408022026,0.07577224527432025,0.027931950207468394
21,2013-10-31,secret_service,0.08447558494404804,0.8481306496148805,0.06739245749164385,-0.037432408080221455
22,2013-11-30,secret_service,0.0994917640158358,0.8342269416882565,0.06628823500659833,-0.07059446209492393
23,2013-12-31,secret_service,0.07851067699562227,0.838953789154604,0.08254004715392442,0.013867874705288562
24,2014-01-31,secret_service,0.048884366327475004,0.8357388991674447,0.11537264878199431,0.1281032839962964
25,2014-02-28,secret_service,0.06578577494692174,0.8481903397027589,0.08602123142250574,0.03888464968152865
26,2014-03-31,secret_service,0.06187513564078526,0.8857772123479906,0.05234795135640774,-0.020570357343312102
27,2014-04-30,secret_service,0.06955089121081742,0.8608483097725992,0.06959938537185141,-0.009611850030730654
28,2014-05-31,secret_service,0.045291342098735185,0.8835183329198709,0.0711944926817164,0.05927239890846007
29,2014-06-30,secret_service,0.06585460851538814,0.8726527268378301,0.06149266464678747,0.009914654760006365
30,2014-07-31,secret_service,0.05560019895548375,0.8953669236508344,0.0490346182541653,-0.020531977120119022
31,2014-08-31,secret_service,0.06504860167022643,0.8762564575645633,0.058686735288405165,-0.020241066226451828
32,2014-09-30,secret_service,0.0629794995632731,0.8738692390689976,0.0631486410111486,-0.005473043723989428
33,2014-10-31,secret_service,0.11060847677039402,0.827009253487951,0.06237900944527085,-0.09078395838327646
34,2014-11-30,secret_service,0.07686654155496113,0.8635787131367268,0.05955367292225178,-0.04379611260053519
35,2014-12-31,secret_service,0.05021074246689091,0.8943552212634319,0.055437081814405875,0.006962530570808779
0,2012-01-31,secure_border_initiative,0.0,0.56,0.44,0.8481
1,2012-02-29,secure_border_initiative,0.0,0.78,0.22,0.4767
2,2012-03-31,secure_border_initiative,0.0635,0.7121666666666666,0.2243333333333333,0.3582166666666667
3,2012-04-30,secure_border_initiative,,,,
4,2012-05-31,secure_border_initiative,0.0,0.556,0.444,0.34
5,2012-06-30,secure_border_initiative,0.03883333333333334,0.7138333333333332,0.24733333333333332,0.4132833333333333
6,2012-07-31,secure_border_initiative,,,,
7,2012-08-31,secure_border_initiative,,,,
8,2012-09-30,secure_border_initiative,0.0,0.888,0.11199999999999999,0.34
9,2012-10-31,secure_border_initiative,,,,
10,2012-11-30,secure_border_initiative,,,,
11,2012-12-31,secure_border_initiative,,,,
12,2013-01-31,secure_border_initiative,,,,
13,2013-02-28,secure_border_initiative,0.0,0.8540000000000001,0.146,0.34
14,2013-03-31,secure_border_initiative,,,,
15,2013-04-30,secure_border_initiative,,,,
16,2013-05-31,secure_border_initiative,0.0,0.695,0.305,0.6908
17,2013-06-30,secure_border_initiative,0.0,0.8265,0.1735,0.42025
18,2013-07-31,secure_border_initiative,,,,
19,2013-08-31,secure_border_initiative,,,,
20,2013-09-30,secure_border_initiative,0.0,0.8059999999999999,0.19399999999999998,0.34
21,2013-10-31,secure_border_initiative,,,,
22,2013-11-30,secure_border_initiative,,,,
23,2013-12-31,secure_border_initiative,,,,
24,2014-01-31,secure_border_initiative,0.0,0.695,0.305,0.6908
25,2014-02-28,secure_border_initiative,,,,
26,2014-03-31,secure_border_initiative,,,,
27,2014-04-30,secure_border_initiative,,,,
28,2014-05-31,secure_border_initiative,,,,
29,2014-06-30,secure_border_initiative,0.0,0.7440000000000001,0.256,0.6705
0,2014-08-31,task_force_88_(anti-terrorist_unit),0.0,1.0,0.0,0.0
0,2012-01-31,transportation_security_administration,0.028254742547425514,0.7378626919602564,0.2337768744354123,0.4287667570008979
1,2012-02-29,transportation_security_administration,0.036129032258064415,0.7310445468509974,0.23276958525345637,0.41869738863287304
2,2012-03-31,transportation_security_administration,0.06151452282157687,0.7402686721991703,0.1981991701244818,0.2812086099585059
3,2012-04-30,transportation_security_administration,0.04690794451450189,0.7608499369483,0.19226229508196732,0.3037534678436334
4,2012-05-31,transportation_security_administration,0.0487450980392158,0.7285232843137259,0.22271323529411724,0.3614338235294101
5,2012-06-30,transportation_security_administration,0.0675952868852458,0.7244764344262319,0.20788934426229516,0.2568503073770497
6,2012-07-31,transportation_security_administration,0.010417391304347833,0.7627035573122507,0.22687351778655956,0.41428592885375526
7,2012-08-31,transportation_security_administration,0.0630034843205572,0.7357282229965043,0.201323544051761,0.2662657541065238
8,2012-09-30,transportation_security_administration,0.035671875000000006,0.74656875,0.2177750000000002,0.3587846875000006
9,2012-10-31,transportation_security_administration,0.07228592375366562,0.7633563049853381,0.16430938416422283,0.16702507331378347
10,2012-11-30,transportation_security_administration,0.021325806451612903,0.7608612903225803,0.21780967741935506,0.380831935483872
11,2012-12-31,transportation_security_administration,0.10140168539325838,0.7162977528089892,0.18232584269662955,0.0971811797752807
12,2013-01-31,transportation_security_administration,0.04703703703703703,0.7910752314814796,0.16193287037037082,0.274705092592594
13,2013-02-28,transportation_security_administration,0.03963013698630136,0.7456073059360725,0.21474429223744282,0.33307808219178175
14,2013-03-31,transportation_security_administration,0.13247355883754078,0.6643777989518823,0.20267984754644722,0.09900657455931185
15,2013-04-30,transportation_security_administration,0.10681692307692323,0.7116015384615376,0.1814538461538463,0.14990876923076926
16,2013-05-31,transportation_security_administration,0.016157142857142856,0.7870523809523813,0.19679047619047632,0.3422985714285722
17,2013-06-30,transportation_security_administration,0.06591650853889937,0.7403624288425051,0.19375521821631891,0.26261707779886145
18,2013-07-31,transportation_security_administration,0.06112606837606831,0.7251132478632487,0.21378418803418822,0.2653952991452994
19,2013-08-31,transportation_security_administration,0.023955223880597013,0.7940149253731343,0.18202985074626873,0.3031018656716422
20,2013-09-30,transportation_security_administration,0.04970204081632653,0.7624285714285715,0.1878612244897962,0.25742612244898067
21,2013-10-31,transportation_security_administration,0.02815708812260535,0.8024329501915718,0.16940613026819945,0.3074980842911883
22,2013-11-30,transportation_security_administration,0.1219264990328819,0.7190280464216663,0.15903965183752405,-0.014785493230173889
23,2013-12-31,transportation_security_administration,0.03671713147410359,0.7566573705179281,0.20665338645418346,0.29648207171314805
24,2014-01-31,transportation_security_administration,0.030241379310344835,0.779233716475096,0.19049808429118797,0.29769693486590115
25,2014-02-28,transportation_security_administration,0.06614790286975718,0.7663973509933775,0.1674613686534218,0.14739624724061834
26,2014-03-31,transportation_security_administration,0.00800371747211896,0.7811096654275071,0.21088475836431264,0.4093669144981424
27,2014-04-30,transportation_security_administration,0.028195530726256968,0.7860577281191804,0.18574487895716993,0.2938256983240228
28,2014-05-31,transportation_security_administration,0.02138903743315508,0.7481136363636416,0.23036631016042913,0.42705387700534625
29,2014-06-30,transportation_security_administration,0.011774703557312251,0.8105671936758914,0.17765612648221307,0.3041116600790519
30,2014-07-31,transportation_security_administration,0.01889888211382113,0.7758678861788513,0.2052378048780469,0.3731332317073131
31,2014-08-31,transportation_security_administration,0.04269207317073169,0.7816082317073171,0.1755487804878052,0.2575844512195126
32,2014-09-30,transportation_security_administration,0.013673553719008266,0.7328636363636356,0.25340082644628104,0.45680165289256197
33,2014-10-31,transportation_security_administration,0.016533642691415315,0.7987447795823682,0.18473085846867823,0.3653164733178681
34,2014-11-30,transportation_security_administration,0.017209964412811384,0.7583558718861223,0.2244448398576516,0.4215907473309596
35,2014-12-31,transportation_security_administration,0.009002386634844869,0.7742840095465348,0.21671837708830508,0.4572968973747005
0,2012-01-31,u.s._immigration_and_customs_enforcement,0.06753763440860215,0.9140107526881722,0.018451612903225806,-0.12424731182795698
1,2012-02-29,u.s._immigration_and_customs_enforcement,0.21297066666666675,0.7762853333333329,0.010746666666666663,-0.5757839999999964
2,2012-03-31,u.s._immigration_and_customs_enforcement,0.10674285714285713,0.8706476190476193,0.0226,-0.2007095238095238
3,2012-04-30,u.s._immigration_and_customs_enforcement,0.08867567567567565,0.8934864864864864,0.017846846846846846,-0.1723432432432433
4,2012-05-31,u.s._immigration_and_customs_enforcement,0.06126315789473685,0.8971954887218043,0.04160902255639097,-0.07515714285714287
5,2012-06-30,u.s._immigration_and_customs_enforcement,0.07503191489361702,0.8822234042553184,0.042734042553191486,-0.07634042553191492
6,2012-07-31,u.s._immigration_and_customs_enforcement,0.07904687500000002,0.9002343749999994,0.020713541666666665,-0.1586916666666666
7,2012-08-31,u.s._immigration_and_customs_enforcement,0.06365909090909092,0.9070340909090912,0.029306818181818184,-0.08900568181818182
8,2012-09-30,u.s._immigration_and_customs_enforcement,0.06213559322033898,0.9085254237288135,0.02935593220338983,-0.07642881355932205
9,2012-10-31,u.s._immigration_and_customs_enforcement,0.031417960088691764,0.9646917960088698,0.00388580931263858,-0.06565997782705128
10,2012-11-30,u.s._immigration_and_customs_enforcement,0.06137500000000001,0.8751764705882348,0.0633088235294118,-0.016372794117647062
11,2012-12-31,u.s._immigration_and_customs_enforcement,0.05077887788778874,0.9291534653465343,0.020066006600660075,-0.11070099009900979
12,2013-01-31,u.s._immigration_and_customs_enforcement,0.10326666666666674,0.8649393939393928,0.03182424242424243,-0.21549696969696971
13,2013-02-28,u.s._immigration_and_customs_enforcement,0.10328,0.8343599999999998,0.06231999999999999,-0.10356400000000003
14,2013-03-31,u.s._immigration_and_customs_enforcement,0.05163636363636364,0.8777954545454549,0.07054545454545454,0.02916818181818183
15,2013-04-30,u.s._immigration_and_customs_enforcement,0.07378846153846151,0.8953269230769229,0.030884615384615382,-0.14807884615384614
16,2013-05-31,u.s._immigration_and_customs_enforcement,0.028,0.9112903225806452,0.06074193548387097,0.06791612903225808
17,2013-06-30,u.s._immigration_and_customs_enforcement,0.04190909090909092,0.9142500000000001,0.04384090909090909,0.024275000000000005
18,2013-07-31,u.s._immigration_and_customs_enforcement,0.03136842105263158,0.9253684210526316,0.043263157894736844,0.03095263157894737
19,2013-08-31,u.s._immigration_and_customs_enforcement,0.03297560975609756,0.9310487804878049,0.035975609756097565,-0.0001341463414634161
20,2013-09-30,u.s._immigration_and_customs_enforcement,0.020058823529411764,0.8979764705882352,0.0819764705882353,0.1410894117647059
21,2013-10-31,u.s._immigration_and_customs_enforcement,0.023457142857142857,0.9164,0.0601142857142857,0.10193142857142856
22,2013-11-30,u.s._immigration_and_customs_enforcement,0.12345161290322582,0.8631612903225806,0.013387096774193549,-0.26900322580645164
23,2013-12-31,u.s._immigration_and_customs_enforcement,0.02396774193548387,0.9343225806451614,0.041709677419354836,0.021003225806451614
24,2014-01-31,u.s._immigration_and_customs_enforcement,0.02192,0.8901600000000001,0.08792000000000001,0.12242800000000002
25,2014-02-28,u.s._immigration_and_customs_enforcement,0.05046666666666667,0.9285333333333333,0.020999999999999998,-0.06901777777777779
26,2014-03-31,u.s._immigration_and_customs_enforcement,0.11892537313432831,0.8567910447761193,0.02425373134328358,-0.18146119402985084
27,2014-04-30,u.s._immigration_and_customs_enforcement,0.07674509803921568,0.9050588235294117,0.018254901960784314,-0.1369549019607843
28,2014-05-31,u.s._immigration_and_customs_enforcement,0.058018867924528296,0.8826603773584902,0.05935849056603775,0.003945283018867927
29,2014-06-30,u.s._immigration_and_customs_enforcement,0.10781481481481484,0.8423333333333334,0.049888888888888885,-0.11703703703703706
30,2014-07-31,u.s._immigration_and_customs_enforcement,0.07853846153846153,0.8781538461538462,0.04330769230769231,-0.09640769230769232
31,2014-08-31,u.s._immigration_and_customs_enforcement,0.05552380952380952,0.9014285714285715,0.04304761904761905,-0.036033333333333334
32,2014-09-30,u.s._immigration_and_customs_enforcement,0.05736363636363635,0.8897954545454546,0.052840909090909105,-0.011015909090909088
33,2014-10-31,u.s._immigration_and_customs_enforcement,0.07970588235294118,0.8357254901960787,0.08456862745098043,-0.004803921568627446
34,2014-11-30,u.s._immigration_and_customs_enforcement,0.05764705882352941,0.9066470588235295,0.03570588235294118,-0.04805882352941177
35,2014-12-31,u.s._immigration_and_customs_enforcement,0.032962962962962965,0.9229999999999999,0.044037037037037034,0.03263703703703705
0,2012-01-31,united_nations,0.06933311276205337,0.7631680151592709,0.1675013685445373,0.20373874334530684
1,2012-02-29,united_nations,0.07712470328721742,0.7621165751552441,0.1607546934567423,0.17918354233105838
2,2012-03-31,united_nations,0.08881220061175972,0.7424262134241802,0.1687568919413055,0.14819033493010436
3,2012-04-30,united_nations,0.06936788415313445,0.7501348713139132,0.18049280354106226,0.2479769771941732
4,2012-05-31,united_nations,0.07746142677008881,0.7632804248978606,0.15925146154140118,0.1729059970960602
5,2012-06-30,united_nations,0.07144016968126049,0.7621839981146975,0.16637420216423066,0.20102191716261
6,2012-07-31,united_nations,0.06975976326753146,0.7486076003582451,0.18163664680918204,0.23230137834369696
7,2012-08-31,united_nations,0.0508576202584179,0.79253561309741,0.15660773182500376,0.23401922162840627
8,2012-09-30,united_nations,0.07042071916626443,0.7659787010836255,0.1636052729656964,0.20503706674036
9,2012-10-31,united_nations,0.06793460971565239,0.7549879321992816,0.17707646011176514,0.23121194650867513
10,2012-11-30,united_nations,0.07109300547641888,0.7721206059944886,0.156782893607731,0.1773036961915151
11,2012-12-31,united_nations,0.07206039201517456,0.7660207930630049,0.16191811037847703,0.20271571131790464
12,2013-01-31,united_nations,0.07855143751653518,0.7563119322692011,0.16513854837288217,0.17582811314933794
13,2013-02-28,united_nations,0.0873337031956073,0.7620811007101469,0.150582593608784,0.13381007908330675
14,2013-03-31,united_nations,0.08052351928983655,0.7566501133750821,0.1628192110383724,0.18417709020153838
15,2013-04-30,united_nations,0.07489103704902103,0.7606352936418601,0.16446750121340456,0.18620405880930363
16,2013-05-31,united_nations,0.07296510092435286,0.7694385729107815,0.15759896717601155,0.16908355498965139
17,2013-06-30,united_nations,0.07949975614514379,0.7682916260242163,0.1522071790870129,0.14412241269996703
18,2013-07-31,united_nations,0.06637058486473091,0.7681432488847451,0.1655305529406987,0.2155994740719836
19,2013-08-31,united_nations,0.07430631220534144,0.7727375589314067,0.15295659657263747,0.15844213499967716
20,2013-09-30,united_nations,0.07503136829569279,0.7775028390966556,0.1474551911871083,0.15963827251077758
21,2013-10-31,united_nations,0.06212669150813963,0.7789284173367599,0.1589431261031568,0.19952809902399182
22,2013-11-30,united_nations,0.07125833427082086,0.7864763940450882,0.14226960287997684,0.14385764240450505
23,2013-12-31,united_nations,0.08246612592354677,0.7752670575008336,0.1422679248313531,0.11554902184391823
24,2014-01-31,united_nations,0.08323226061204476,0.7766609674234907,0.14010649555775778,0.10740499703851551
25,2014-02-28,united_nations,0.07405940396026363,0.7968293886259514,0.1291060070671442,0.11087177145144343
26,2014-03-31,united_nations,0.0738578691598679,0.7946391992182696,0.13150174312653892,0.11267289306184226
27,2014-04-30,united_nations,0.08080814009275572,0.7873715176715685,0.13181153046538044,0.09923035502959764
28,2014-05-31,united_nations,0.07130887727527566,0.8139680837132902,0.11472763419482691,0.07582812823657858
29,2014-06-30,united_nations,0.0706689013561035,0.8204010561848324,0.108931100996201,0.06692729731955609
30,2014-07-31,united_nations,0.08825943168661318,0.7968916602342365,0.11484890807924049,0.03748820677347064
31,2014-08-31,united_nations,0.09301783091883252,0.788909922603767,0.11807973804325739,0.03052236356419602
32,2014-09-30,united_nations,0.0663653260755474,0.7955089372741362,0.1381233523774956,0.14877130100323874
33,2014-10-31,united_nations,0.06954050543659722,0.7794126990017792,0.15104777278855192,0.15744855333312163
34,2014-11-30,united_nations,0.0728490578965377,0.7978091675231395,0.12934237752654934,0.10987546420009292
35,2014-12-31,united_nations,0.07566574130302874,0.7847092767705465,0.1396256904080271,0.12238003094187433
0,2012-01-31,united_states_citizenship_and_immigration_services,0.0,0.7050000000000001,0.295,0.5144333333333333
1,2012-02-29,united_states_citizenship_and_immigration_services,0.0,0.8327,0.16730000000000003,0.44421
2,2012-03-31,united_states_citizenship_and_immigration_services,0.0,0.9295,0.0705,0.21075
3,2012-04-30,united_states_citizenship_and_immigration_services,0.016375,0.803375,0.180125,0.4163875
4,2012-05-31,united_states_citizenship_and_immigration_services,0.048799999999999996,0.7525999999999999,0.1986,0.34059999999999996
5,2012-06-30,united_states_citizenship_and_immigration_services,0.00776923076923077,0.8031153846153847,0.18911538461538463,0.46720384615384614
6,2012-07-31,united_states_citizenship_and_immigration_services,0.0,0.7825,0.2175,0.32985
7,2012-08-31,united_states_citizenship_and_immigration_services,0.0,0.8019999999999999,0.198,0.46728000000000003
8,2012-09-30,united_states_citizenship_and_immigration_services,0.0,0.8240000000000002,0.17600000000000002,0.4077333333333333
9,2012-10-31,united_states_citizenship_and_immigration_services,0.0,0.798,0.202,0.47725999999999996
10,2012-11-30,united_states_citizenship_and_immigration_services,0.0,0.8408000000000001,0.1592,0.38906
11,2012-12-31,united_states_citizenship_and_immigration_services,0.0,0.731,0.269,0.5609
12,2013-01-31,united_states_citizenship_and_immigration_services,0.0214,0.8000666666666666,0.1786,0.36904
13,2013-02-28,united_states_citizenship_and_immigration_services,0.015333333333333334,0.8265555555555556,0.1582222222222222,0.3588222222222222
14,2013-03-31,united_states_citizenship_and_immigration_services,0.0,0.8238333333333333,0.17616666666666667,0.46513333333333334
15,2013-04-30,united_states_citizenship_and_immigration_services,0.018500000000000003,0.8065,0.17500000000000002,0.36615624999999996
16,2013-05-31,united_states_citizenship_and_immigration_services,0.0,0.7858750000000001,0.214125,0.47333749999999997
17,2013-06-30,united_states_citizenship_and_immigration_services,0.0,0.8029411764705882,0.19705882352941173,0.4532823529411764
18,2013-07-31,united_states_citizenship_and_immigration_services,0.0,0.8157500000000001,0.18425,0.499775
19,2013-08-31,united_states_citizenship_and_immigration_services,0.0,0.767,0.233,0.5042
20,2013-09-30,united_states_citizenship_and_immigration_services,0.0,0.7757499999999998,0.22425000000000003,0.4850375
21,2013-10-31,united_states_citizenship_and_immigration_services,0.08144444444444444,0.7892222222222223,0.12933333333333333,0.08025555555555552
22,2013-11-30,united_states_citizenship_and_immigration_services,0.0,0.7813333333333333,0.21866666666666665,0.4837666666666666
23,2013-12-31,united_states_citizenship_and_immigration_services,0.0366,0.835,0.1282,0.29238
24,2014-01-31,united_states_citizenship_and_immigration_services,0.026555555555555554,0.7837777777777778,0.1897777777777778,0.37958888888888886
25,2014-02-28,united_states_citizenship_and_immigration_services,0.0,0.8176666666666668,0.18233333333333335,0.45565833333333333
26,2014-03-31,united_states_citizenship_and_immigration_services,0.0,0.7441666666666668,0.2558333333333333,0.5723249999999999
27,2014-04-30,united_states_citizenship_and_immigration_services,0.0107,0.8193000000000001,0.17,0.36602
28,2014-05-31,united_states_citizenship_and_immigration_services,0.0,0.68775,0.31225,0.54255
29,2014-06-30,united_states_citizenship_and_immigration_services,0.004653846153846153,0.8456923076923074,0.14965384615384617,0.35634999999999994
30,2014-07-31,united_states_citizenship_and_immigration_services,0.0,0.7732000000000001,0.22680000000000003,0.5076599999999999
31,2014-08-31,united_states_citizenship_and_immigration_services,0.0,0.818875,0.181125,0.41488749999999996
32,2014-09-30,united_states_citizenship_and_immigration_services,0.0264,0.7933999999999999,0.1802,0.35476
33,2014-10-31,united_states_citizenship_and_immigration_services,0.02725,0.8067500000000001,0.166,0.44377500000000003
34,2014-11-30,united_states_citizenship_and_immigration_services,0.01323076923076923,0.780153846153846,0.20661538461538462,0.43960000000000005
35,2014-12-31,united_states_citizenship_and_immigration_services,0.038142857142857145,0.7735714285714287,0.1882142857142857,0.3821928571428571
0,2012-01-31,united_states_department_of_homeland_security,0.01617857142857143,0.6850000000000002,0.2988571428571428,0.6174535714285716
1,2012-02-29,united_states_department_of_homeland_security,0.01032258064516129,0.7043870967741932,0.28529032258064513,0.6128258064516132
2,2012-03-31,united_states_department_of_homeland_security,0.0066,0.7174000000000001,0.276,0.6304
3,2012-04-30,united_states_department_of_homeland_security,0.0853157894736842,0.6383157894736843,0.27631578947368424,0.4344684210526316
4,2012-05-31,united_states_department_of_homeland_security,0.0,0.7135000000000001,0.28650000000000003,0.66525
5,2012-06-30,united_states_department_of_homeland_security,0.0155,0.668,0.31650000000000006,0.6541899999999999
6,2012-07-31,united_states_department_of_homeland_security,0.0466875,0.6829999999999999,0.2703125,0.48947499999999994
7,2012-08-31,united_states_department_of_homeland_security,0.022899999999999997,0.6657,0.3114,0.5829899999999999
8,2012-09-30,united_states_department_of_homeland_security,0.03511111111111111,0.6809444444444446,0.28350000000000003,0.6174833333333334
9,2012-10-31,united_states_department_of_homeland_security,0.004740740740740741,0.727962962962963,0.26733333333333326,0.6269962962962966
10,2012-11-30,united_states_department_of_homeland_security,0.020307692307692308,0.6996923076923077,0.28,0.6051230769230768
11,2012-12-31,united_states_department_of_homeland_security,0.0638,0.7421,0.1941,0.29672999999999994
12,2013-01-31,united_states_department_of_homeland_security,0.02353846153846154,0.6913653846153847,0.28505769230769223,0.5994076923076928
13,2013-02-28,united_states_department_of_homeland_security,0.032,0.6897500000000001,0.27825,0.6206124999999999
14,2013-03-31,united_states_department_of_homeland_security,0.02595522388059701,0.6955970149253732,0.27843283582089556,0.5646731343283581
15,2013-04-30,united_states_department_of_homeland_security,0.030136363636363638,0.6653181818181819,0.30454545454545445,0.6007045454545457
16,2013-05-31,united_states_department_of_homeland_security,0.010166666666666666,0.6994166666666669,0.290375,0.6776083333333335
17,2013-06-30,united_states_department_of_homeland_security,0.0,0.7054285714285714,0.29457142857142854,0.6728428571428572
18,2013-07-31,united_states_department_of_homeland_security,0.11532758620689659,0.5324655172413792,0.3524137931034483,0.6899749999999998
19,2013-08-31,united_states_department_of_homeland_security,0.09580000000000004,0.5742857142857143,0.32991428571428566,0.6514142857142858
20,2013-09-30,united_states_department_of_homeland_security,0.027999999999999997,0.6465,0.3255,0.67535
21,2013-10-31,united_states_department_of_homeland_security,0.047785714285714286,0.6564285714285715,0.2957142857142857,0.5337857142857142
22,2013-11-30,united_states_department_of_homeland_security,0.01425925925925926,0.7225185185185187,0.2631851851851852,0.5868703703703706
23,2013-12-31,united_states_department_of_homeland_security,0.02888235294117647,0.7190000000000002,0.2521764705882353,0.5432058823529412
24,2014-01-31,united_states_department_of_homeland_security,0.01232142857142857,0.6733928571428571,0.3142499999999999,0.6306107142857146
25,2014-02-28,united_states_department_of_homeland_security,0.03731578947368421,0.7013684210526315,0.2613157894736843,0.5532631578947368
26,2014-03-31,united_states_department_of_homeland_security,0.017812500000000002,0.6628125,0.319375,0.66915
27,2014-04-30,united_states_department_of_homeland_security,0.009211538461538462,0.7022499999999998,0.2885288461538464,0.6327076923076921
28,2014-05-31,united_states_department_of_homeland_security,0.026214285714285714,0.7043928571428569,0.2693750000000002,0.5661401785714285
29,2014-06-30,united_states_department_of_homeland_security,0.006841726618705035,0.7237122302158264,0.2694388489208635,0.6084050359712221
30,2014-07-31,united_states_department_of_homeland_security,0.0050683229813664596,0.7122857142857135,0.2826211180124224,0.6336198757763962
31,2014-08-31,united_states_department_of_homeland_security,0.05131858407079645,0.6766017699115042,0.2720619469026548,0.5001415929203542
32,2014-09-30,united_states_department_of_homeland_security,0.016591666666666668,0.6969999999999996,0.28640000000000027,0.600264999999999
33,2014-10-31,united_states_department_of_homeland_security,0.011226415094339623,0.6367735849056607,0.35198113207547177,0.694158490566038
34,2014-11-30,united_states_department_of_homeland_security,0.007357142857142858,0.8210000000000001,0.17157142857142857,0.4097428571428572
35,2014-12-31,united_states_department_of_homeland_security,0.05215384615384615,0.7471538461538461,0.2006923076923077,0.36900000000000005
